Source File	Size	loadResources	load	generateSnapshots	load-configure	scan	loadDepInfo	loadInfo	checkR4R4B	generateNarratives	validate	loadLists	checkConformanceResources	checkConformanceResources2	checkConformanceResources3	generateLogicalMaps	validateExpressions	scanForUsageStats	checkURLsUnique	processProvenanceDetails	generate1	generate2	generateLogicals	makeDependencies	generateExampleZip	generateValidationPack	scanProfilesForR5	scanExamplesForR5
/fsh-generated/resources/ImplementationGuide-ans.fr.terminologies.json	374038	-	0	0	0	0	0	0	93	450	0	0	0	0	0	0	0	4	0	0	1423	915	0	0	0	64	0	12
DM/fsh-generated/resources/ConceptMap-ASS-A11-CorresModeleCDA-XdsFormatCode-CISIS.json	21171	10	0	0	0	0	0	0	1	57	0	0	0	0	0	0	0	1	0	0	60	532	0	1	0	5	0	0
DM/fsh-generated/resources/ConceptMap-ASS-A12-CorresMediaTypeCDANonStructure-XdsFormatCode-CISIS.json	2757	3	0	0	0	0	0	0	1	7	0	0	0	0	0	0	0	0	0	0	13	36	0	0	0	0	0	0
DM/fsh-generated/resources/ConceptMap-ASS-A13-TypeEvenement-FluxStandardise.json	2155	2	0	0	1	0	0	0	0	885	0	0	0	0	0	0	0	0	0	0	15	32	0	0	0	1	0	0
DM/fsh-generated/resources/ConceptMap-ASS-A14-FamilleActivite-ActiviteOperationnelle.json	13013	4	0	0	0	0	0	0	1	72	0	0	0	0	0	0	0	0	0	0	45	58	0	0	0	1	0	0
DM/fsh-generated/resources/ConceptMap-ASS-A15-SexeProvenanceISO-Sexe.json	1806	2	0	0	0	0	0	0	0	6	0	0	0	0	0	0	0	0	0	0	15	26	0	0	0	0	0	0
DM/fsh-generated/resources/ConceptMap-ASS-A20-RolePriseCharge-GenreActivite.json	4529	2	0	0	0	0	0	0	0	10	0	0	0	0	0	0	0	0	0	0	23	30	0	0	0	0	0	0
DM/fsh-generated/resources/ConceptMap-ASS-A21-AS-ActiviteModaliteForme.json	100220	11	0	0	0	0	0	0	5	91	0	0	0	0	0	0	0	0	0	0	182	118	0	0	0	6	0	0
DM/fsh-generated/resources/ConceptMap-ASS-A22-AASA-ActiviteModaliteForme.json	10113	3	0	0	0	0	0	0	0	14	0	0	0	0	0	0	0	0	0	0	24	29	0	0	0	1	0	0
DM/fsh-generated/resources/ConceptMap-ASS-A23-ASR-ActiviteModaliteForme.json	70038	5	0	0	0	0	0	0	3	57	0	0	0	0	0	0	0	1	0	0	122	88	0	0	0	4	0	0
DM/fsh-generated/resources/ConceptMap-ASS-A24-ModeExercice-TypeActivite-ENREG.json	1637	2	0	0	1	0	1	0	0	5	0	0	0	0	0	0	0	0	0	0	10	24	0	0	0	0	0	0
DM/fsh-generated/resources/ConceptMap-ASS-A25-PaysProvenanceISO-PaysProvenanceCOG.json	44103	5	0	0	0	0	0	0	3	193	0	0	0	0	0	0	0	0	0	0	94	87	0	0	0	4	0	1
DM/fsh-generated/resources/ConceptMap-ASS-A28-TypeDiplome-Diplome-Profession-EPARS.json	31248	3	0	0	0	0	0	0	2	27	0	0	0	0	0	0	0	0	0	0	61	48	0	0	0	2	0	0
DM/fsh-generated/resources/ConceptMap-ASS-A29-Departement-AE.json	20002	4	0	0	0	0	0	0	1	26	0	0	0	0	0	0	0	0	0	0	45	50	0	0	0	2	0	0
DM/fsh-generated/resources/ConceptMap-ASS-A30-TypeAutorisation-Profession-EPARS.json	13362	2	0	0	0	0	0	0	0	17	0	0	0	0	0	0	0	0	0	0	33	41	0	0	0	1	0	0
DM/fsh-generated/resources/ConceptMap-ASS-A32-StatutMotifPersonnePriseCharge.json	11144	3	0	0	0	0	0	0	0	21	0	0	0	0	0	0	0	0	0	0	29	38	0	0	0	1	0	0
DM/fsh-generated/resources/ConceptMap-ASS-A33-AdministrativeGender-Sexe.json	1997	2	0	0	0	0	0	0	1	5	0	0	0	0	0	0	0	0	0	0	10	25	0	0	0	0	0	0
DM/fsh-generated/resources/ConceptMap-ASS-X01-TranscoSavFaireADELI-SavFaireR01.json	784	1	0	0	1	0	0	0	0	2	0	0	0	0	0	0	0	0	0	0	8	19	0	0	0	0	0	0
DM/fsh-generated/resources/ConceptMap-ASS-X02-TranscoSectActADELI-SectAct.json	12980	3	0	0	0	0	0	0	0	19	0	0	0	0	0	0	0	0	0	0	34	35	0	0	0	1	0	0
DM/fsh-generated/resources/ConceptMap-ASS-X04-CorrespondanceType-Classe-CISIS.json	25316	4	0	0	0	0	0	0	2	7404	0	0	0	0	0	0	0	1	0	0	57	60	0	0	0	2	0	0
DM/fsh-generated/resources/ConceptMap-ASS-X08-TranscoSavoirFaireR01-SavoirFaire.json	51608	5	0	0	0	0	0	0	3	57	0	0	0	0	0	0	0	0	0	0	114	93	0	0	0	4	0	0
DM/fsh-generated/resources/ConceptMap-ASS-X09-DepartementOM-RegionOM.json	23980	4	0	0	0	0	0	0	1	14	0	0	0	0	0	0	0	0	0	0	44	48	0	0	0	2	0	1
DM/fsh-generated/resources/ConceptMap-ASS-X10-AgregatCategorieEtablissement.json	769	1	0	0	0	0	0	0	1	3	0	0	0	0	0	0	0	0	0	0	7	17	0	0	0	0	0	0
DM/fsh-generated/resources/ConceptMap-ASS-X11-FinessAgregatStatutJuridique.json	764	2	0	0	0	0	0	0	0	2	0	0	0	0	0	0	0	0	0	0	7	15	0	0	0	0	0	0
DM/fsh-generated/resources/ConceptMap-ASS-X12-CommuneDeptRegionOM.json	788	2	0	0	0	0	0	0	0	2	0	0	0	0	0	0	0	0	0	0	8	16	0	0	0	0	0	0
DM/fsh-generated/resources/ConceptMap-ASS-X13-AgregatClientele.json	56332	4	0	0	0	0	0	0	2	71	0	0	0	0	0	0	0	0	0	0	97	59	0	0	0	4	0	0
DM/fsh-generated/resources/ConceptMap-ASS-X14-AgregatDisciplineEquipementSocial.json	789	2	0	0	1	0	0	0	0	2	0	0	0	0	0	0	0	0	0	0	8	18	0	0	0	0	0	0
DM/fsh-generated/resources/ConceptMap-ASS-X15-AgregatDisciplineEnseignement.json	769	2	0	0	0	0	0	0	0	2	0	0	0	0	0	0	0	0	0	0	7	16	0	0	0	0	0	0
DM/fsh-generated/resources/ConceptMap-ASS-X16-CorrespondanceType-Classe-DMP.json	20573	3	0	0	0	0	0	0	2	12	0	0	0	0	0	0	0	1	0	0	46	47	0	0	0	1	0	0
DM/fsh-generated/resources/ValueSet-JDV-J120-CommuneHistorisee.json	1188	2	0	0	0	0	0	0	0	27	0	0	0	0	0	0	0	0	0	0	9	3446	0	0	0	1	0	0
DM/fsh-generated/resources/ValueSet-JDV-J124-Commune.json	1299	2	0	0	0	0	0	0	0	14	0	0	0	0	0	0	0	0	0	0	8	1104	0	0	0	0	0	0
DM/fsh-generated/resources/ValueSet-TRE-R222-MediaTypeCorpsCDANonStructure-all.json	1310	2	0	0	0	0	0	0	0	14	0	0	0	0	0	0	0	0	0	0	11	50	0	0	0	0	0	0
DM/fsh-generated/resources/ValueSet-jdv-modele-document-cda.json	1422	2	0	0	1	0	0	0	0	13	0	0	0	0	0	0	0	0	0	0	8	156	0	0	0	0	0	0
DM/fsh-generated/resources/ValueSet-jdv-tre-r221-modele-document-cda-non-structure-all.json	1384	1	0	0	0	0	0	0	0	24	0	0	0	0	0	0	0	0	0	0	9	37	0	0	0	1	0	0
input/ontoserver/ASS/Alignement_Codes_ATC_NUVA_ATC.json	23301	4	0	0	0	0	0	0	2	18	0	0	0	0	0	0	0	0	0	0	66	37	0	0	0	2	0	0
input/ontoserver/ASS/Alignement_Codes_CIP_CIS_NUVA_BDPM.json	60344	10	0	0	0	0	0	0	3	24	0	0	0	0	0	0	0	0	0	0	155	62	0	0	0	8	0	0
input/ontoserver/ASS/Alignement_Codes_CIP_NUVA_CIPUCD.json	49586	12	0	0	0	0	0	0	4	34	0	0	0	0	0	0	0	1	0	0	149	80	0	0	0	6	0	1
input/ontoserver/JDV/DesignationUse_designation-use.json	3306	3	0	0	0	0	0	0	1	0	0	0	0	0	0	0	0	0	0	0	12	501	0	0	0	1	0	0
input/ontoserver/JDV/JDV_J01_XdsAuthorSpecialty_CISIS_JDV-J01-XdsAuthorSpecialty-CISIS.json	35266	7	0	0	0	0	0	0	3	82	0	0	0	0	0	0	0	0	0	0	138	597	0	0	0	6	0	0
input/ontoserver/JDV/JDV_J02_XdsHealthcareFacilityTypeCode_CISIS_JDV-J02-XdsHealthcareFacilityTypeCode-CISIS.json	6398	3	0	0	0	0	0	0	0	26	0	0	0	0	0	0	0	0	0	0	43	144	0	0	0	1	0	0
input/ontoserver/JDV/JDV_J03_XdsContentTypeCode_CISIS_JDV-J03-XdsContentTypeCode-CISIS.json	8757	3	0	0	1	0	0	0	1	30	0	0	0	0	0	0	0	0	0	0	46	175	0	0	0	1	0	0
input/ontoserver/JDV/JDV_J04_XdsPracticeSettingCode_CISIS_JDV-J04-XdsPracticeSettingCode-CISIS.json	1925	3	0	0	0	0	0	0	0	24	0	0	0	0	0	0	0	0	0	0	13	57	0	0	0	1	0	0
input/ontoserver/JDV/JDV_J05_SubjectRole_CISIS_JDV-J05-SubjectRole-CISIS.json	33999	6	0	0	0	0	0	0	3	60	0	0	0	0	0	0	0	1	0	0	144	676	0	0	0	6	0	0
input/ontoserver/JDV/JDV_J06_XdsClassCode_CISIS_JDV-J06-XdsClassCode-CISIS.json	1840	3	0	0	0	0	0	0	0	25	0	0	0	0	0	0	0	0	0	0	13	52	0	0	0	1	0	0
input/ontoserver/JDV/JDV_J07_XdsTypeCode_CISIS_JDV-J07-XdsTypeCode-CISIS.json	9460	4	0	0	0	0	0	0	1	159	0	0	0	0	0	0	0	0	0	0	39	315	0	0	0	1	0	1
input/ontoserver/JDV/JDV_J08_XdsConfidentialityCode_CISIS_JDV-J08-XdsConfidentialityCode-CISIS.json	1590	2	0	0	0	0	0	0	0	16	0	0	0	0	0	0	0	0	0	0	13	38	0	0	0	1	0	0
input/ontoserver/JDV/JDV_J100_FinessStatutJuridique_RASS_JDV-J100-FinessStatutJuridique-RASS.json	7135	4	0	0	0	0	0	0	1	20	0	0	0	0	0	0	0	0	0	0	32	140	0	0	0	1	0	0
input/ontoserver/JDV/JDV_J101_SecteurActivite_RASS_JDV-J101-SecteurActivite-RASS.json	6028	3	0	0	0	0	0	0	0	6	0	0	0	0	0	0	0	0	0	0	28	142	0	0	0	1	0	0
input/ontoserver/JDV/JDV_J103_TypeVoie_RASS_JDV-J103-TypeVoie-RASS.json	8513	3	0	0	0	0	0	0	2	11	0	0	0	0	0	0	0	0	0	0	42	235	0	0	0	1	0	0
input/ontoserver/JDV/JDV_J104_TypeIdentifiantStructure_RASS_JDV-J104-TypeIdentifiantStructure-RASS.json	1300	3	0	0	0	0	0	0	0	4	0	0	0	0	0	0	0	0	0	0	10	40	0	1	0	0	0	0
input/ontoserver/JDV/JDV_J105_EnsembleDiplome_RASS_JDV-J105-EnsembleDiplome-RASS.json	62745	7	0	0	1	0	0	0	5	50	0	0	0	0	0	0	0	1	0	0	251	1111	0	0	0	13	0	0
input/ontoserver/JDV/JDV_J106_EnsembleProfession_RASS_JDV-J106-EnsembleProfession-RASS.json	2924	3	0	0	0	0	0	0	1	7	0	0	0	0	0	0	0	0	0	0	17	69	0	0	0	0	0	0
input/ontoserver/JDV/JDV_J107_EnsembleSavoirFaire_RASS_JDV-J107-EnsembleSavoirFaire-RASS.json	21699	2	0	0	0	0	0	0	1	20	0	0	0	0	0	0	0	0	0	0	87	394	0	0	0	4	0	0
input/ontoserver/JDV/JDV_J108_EnsembleFonction_RASS_JDV-J108-EnsembleFonction-RASS.json	8971	2	0	0	0	0	0	0	2	8	0	0	0	0	0	0	0	0	0	0	45	194	0	0	0	2	0	1
input/ontoserver/JDV/JDV_J10_XdsFormatCode_CISIS_JDV-J10-XdsFormatCode-CISIS.json	8070	2	0	0	0	0	0	0	0	7	0	0	0	0	0	0	0	0	0	0	35	128	0	0	0	1	0	0
input/ontoserver/JDV/JDV_J110_StatutVisibiliteDocument_CISIS_JDV-J110-StatutVisibiliteDocument-CISIS.json	1574	3	0	0	0	0	0	0	0	4	0	0	0	0	0	0	0	0	0	0	11	38	0	0	0	0	0	0
input/ontoserver/JDV/JDV_J111_StatutEtatCivil_ENREG_JDV-J111-StatutEtatCivil-ENREG.json	1536	2	0	0	0	0	0	0	0	5	0	0	0	0	0	0	0	0	0	0	11	48	0	0	0	0	0	0
input/ontoserver/JDV/JDV_J112_SexeAdministratif_ENREG_JDV-J112-SexeAdministratif-ENREG.json	1121	3	0	0	0	0	0	0	0	4	0	0	0	0	0	0	0	0	0	0	9	34	0	0	0	0	0	0
input/ontoserver/JDV/JDV_J113_Civilite_ENREG_JDV-J113-Civilite-ENREG.json	1058	3	0	0	0	0	0	0	1	5	0	0	0	0	0	0	0	0	0	0	9	33	0	0	0	1	0	0
input/ontoserver/JDV/JDV_J114_Pays_ENREG_JDV-J114-Pays-ENREG.json	10763	4	0	0	0	0	0	0	1	12	0	0	0	0	0	0	0	0	0	0	47	44	0	0	0	1	0	0
input/ontoserver/JDV/JDV_J115_Langue_ENREG_JDV-J115-Langue-ENREG.json	8888	3	0	0	0	0	0	0	1	13	0	0	0	0	0	0	0	1	0	0	41	253	0	0	0	2	0	0
input/ontoserver/JDV/JDV_J116_GenreActivite_ENREG_JDV-J116-GenreActivite-ENREG.json	1714	3	0	0	0	0	0	0	0	5	0	0	0	0	0	0	0	0	0	0	12	44	0	0	0	0	0	0
input/ontoserver/JDV/JDV_J117_ModeExercice_ENREG_JDV-J117-ModeExercice-ENREG.json	1184	3	0	0	1	0	0	0	0	5	0	0	0	0	0	0	0	0	0	0	9	35	0	0	0	1	0	0
input/ontoserver/JDV/JDV_J118_CategorieProfessionnelle_ENREG_JDV-J118-CategorieProfessionnelle-ENREG.json	1253	2	0	0	0	0	0	0	0	4	0	0	0	0	0	0	0	0	0	0	10	42	0	0	0	0	0	0
input/ontoserver/JDV/JDV_J119_TypeActiviteLiberale_ENREG_JDV-J119-TypeActiviteLiberale-ENREG.json	1442	3	0	0	0	0	0	0	0	3	0	0	0	0	0	0	0	0	0	0	10	40	0	0	0	0	0	0
input/ontoserver/JDV/JDV_J11_RelationPatient_CISIS_JDV-J11-RelationPatient-CISIS.json	2978	3	0	0	0	0	0	0	1	4	0	0	0	0	0	0	0	0	0	0	17	73	0	0	0	0	0	0
input/ontoserver/JDV/JDV_J121_RolePriseCharge_ENREG_JDV-J121-RolePriseCharge-ENREG.json	5009	3	0	0	0	0	0	0	0	9	0	0	0	0	0	0	0	0	0	0	26	103	0	0	0	1	0	0
input/ontoserver/JDV/JDV_J122_Profession_ENREG_JDV-J122-Profession-ENREG.json	1306	3	0	0	0	0	0	0	0	4	0	0	0	0	0	0	0	0	0	0	9	30	0	0	0	0	0	0
input/ontoserver/JDV/JDV_J123_Pays_MDPH_JDV-J123-Pays-MDPH.json	10951	4	0	0	0	0	0	0	1	10	0	0	0	0	0	0	0	0	0	0	46	43	0	0	0	2	0	0
input/ontoserver/JDV/JDV_J125_MotifRejet_ENREG_JDV-J125-MotifRejet-ENREG.json	1278	2	0	0	0	0	0	0	0	4	0	0	0	0	0	0	0	0	0	0	10	43	0	0	0	1	0	0
input/ontoserver/JDV/JDV_J126_SecteurActivite_ENREG_JDV-J126-SecteurActivite-ENREG.json	3563	2	0	0	0	0	0	0	0	7	0	0	0	0	0	0	0	0	0	0	18	75	0	0	0	0	0	0
input/ontoserver/JDV/JDV_J127_StatutJuridique_ENREG_JDV-J127-StatutJuridique-ENREG.json	4102	3	0	0	0	0	0	0	1	7	0	0	0	0	0	0	0	0	0	0	22	111	0	0	0	1	0	0
input/ontoserver/JDV/JDV_J128_TypeCarte_RASS_JDV-J128-TypeCarte-RASS.json	1311	2	0	0	0	0	0	0	0	4	0	0	0	0	0	0	0	0	0	0	9	33	0	0	0	0	0	0
input/ontoserver/JDV/JDV_J129_CategorieEtablissement_RASS_JDV-J129-CategorieEtablissement-RASS.json	23827	5	0	0	0	0	0	0	1	46	0	0	0	0	0	0	0	0	0	0	97	447	0	0	0	4	0	0
input/ontoserver/JDV/JDV_J12_CiviliteTitre_CISIS_JDV-J12-CiviliteTitre-CISIS.json	1576	3	0	0	0	0	0	0	0	0	0	0	0	0	0	0	0	0	0	0	9	28	0	0	0	1	0	0
input/ontoserver/JDV/JDV_J130_CNAMAmeliSecteurConventionnement_RASS_JDV-J130-CNAMAmeliSecteurConventionnement-RASS.json	1412	3	0	0	0	0	0	0	0	4	0	0	0	0	0	0	0	0	0	0	10	37	0	0	0	0	0	0
input/ontoserver/JDV/JDV_J131_CategorieActiviteSanitaireRegulee_RASS_JDV-J131-CategorieActiviteSanitaireRegulee-RASS.json	1430	2	0	0	1	0	0	0	0	4	0	0	0	0	0	0	0	0	0	0	9	46	0	0	0	0	0	0
input/ontoserver/JDV/JDV_J132_ModaliteActivite_RASS_JDV-J132-ModaliteActivite-RASS.json	15344	3	0	0	0	0	0	0	1	10	0	0	0	0	0	0	0	1	0	0	57	240	0	0	0	2	0	1
input/ontoserver/JDV/JDV_J133_ActiviteSanitaireRegulee_RASS_JDV-J133-ActiviteSanitaireRegulee-RASS.json	5967	2	0	0	0	0	0	0	1	12	0	0	0	0	0	0	0	0	0	0	52	106	0	0	0	2	0	0
input/ontoserver/JDV/JDV_J134_FormeActivite_RASS_JDV-J134-FormeActivite-RASS.json	3683	3	0	0	0	0	0	0	0	7	0	0	0	0	0	0	0	0	0	0	19	75	0	0	0	1	0	0
input/ontoserver/JDV/JDV_J135_EquipementMaterielLourd_RASS_JDV-J135-EquipementMaterielLourd-RASS.json	1728	2	0	0	0	0	0	0	0	5	0	0	0	0	0	0	0	0	0	0	11	37	0	0	0	0	0	0
input/ontoserver/JDV/JDV_J136_DisciplineEquipementSocial_RASS_JDV-J136-DisciplineEquipementSocial-RASS.json	8264	3	0	0	0	0	0	0	0	10	0	0	0	0	0	0	0	0	0	0	35	127	0	0	0	1	0	0
input/ontoserver/JDV/JDV_J137_Clientele_RASS_JDV-J137-Clientele-RASS.json	6694	4	0	0	0	0	0	0	1	8	0	0	0	0	0	0	0	0	0	0	28	121	0	0	0	1	0	0
input/ontoserver/JDV/JDV_J138_TypeActivite_RASS_JDV-J138-TypeActivite-RASS.json	3882	3	0	0	0	0	0	0	0	6	0	0	0	0	0	0	0	0	0	0	19	75	0	0	0	0	0	0
input/ontoserver/JDV/JDV_J139_TypeBAL_RASS_JDV-J139-TypeBAL-RASS.json	1259	2	0	0	0	0	0	0	0	4	0	0	0	0	0	0	0	0	0	0	10	36	0	0	0	1	0	0
input/ontoserver/JDV/JDV_J13_ResponsableConsent_CISIS_JDV-J13-ResponsableConsent-CISIS.json	2418	3	0	0	0	0	0	0	0	6	0	0	0	0	0	0	0	0	0	0	14	57	0	0	0	0	0	0
input/ontoserver/JDV/JDV_J140_EncounterParticipationType_CISIS_JDV-J140-EncounterParticipationType-CISIS.json	1438	3	0	0	1	0	0	0	0	4	0	0	0	0	0	0	0	0	0	0	10	37	0	0	0	0	0	0
input/ontoserver/JDV/JDV_J141_RoleClass_CISIS_JDV-J141-RoleClass-CISIS.json	1145	2	0	0	0	0	0	0	0	5	0	0	0	0	0	0	0	0	0	0	9	32	0	0	0	0	0	0
input/ontoserver/JDV/JDV_J142_TypeRencontre_CISIS_JDV-J142-TypeRencontre-CISIS.json	1775	3	0	0	0	0	0	0	0	4	0	0	0	0	0	0	0	0	0	0	11	38	0	0	0	1	0	0
input/ontoserver/JDV/JDV_J143_AdministrativeGender_CISIS_JDV-J143-AdministrativeGender-CISIS.json	1185	3	0	0	0	0	0	0	1	4	0	0	0	0	0	0	0	0	0	0	10	32	0	0	0	0	0	0
input/ontoserver/JDV/JDV_J144_ParticipationType_CISIS_JDV-J144-ParticipationType-CISIS.json	1416	2	0	0	0	0	0	0	0	5	0	0	0	0	0	0	0	0	0	0	10	41	0	0	0	0	0	0
input/ontoserver/JDV/JDV_J145_MethodBodyWeight_ENS_JDV-J145-MethodBodyWeight-ENS.json	1088	3	0	0	0	0	0	0	0	1403	0	0	0	0	0	0	0	0	0	0	9	367	0	0	0	0	0	0
input/ontoserver/JDV/JDV_J146_MethodBodyHeight_ENS_JDV-J146-MethodBodyHeight-ENS.json	1238	2	0	0	0	0	0	0	0	597	0	0	0	0	0	0	0	0	0	0	9	305	0	0	0	0	0	0
input/ontoserver/JDV/JDV_J147_MethodHeartrate_ENS_JDV-J147-MethodHeartrate-ENS.json	1392	2	0	0	0	0	0	0	0	422	0	0	0	0	0	0	0	0	0	0	10	563	0	0	0	1	0	0
input/ontoserver/JDV/JDV_J148_ReferenceRangeAppliesTo_CISIS_JDV-J148-ReferenceRangeAppliesTo-CISIS.json	1337	2	0	0	1	0	0	0	0	156	0	0	0	0	0	0	0	0	0	0	10	27	0	0	0	0	0	0
input/ontoserver/JDV/JDV_J149_BodySiteBP_ENS_JDV-J149-BodySiteBP-ENS.json	1080	1	0	0	0	0	0	0	0	332	0	0	0	0	0	0	0	0	0	0	9	172	0	0	0	0	0	0
input/ontoserver/JDV/JDV_J14_QualiteRepresentantLegal_CISIS_JDV-J14-QualiteRepresentantLegal-CISIS.json	3390	2	0	0	0	0	0	0	0	4	0	0	0	0	0	0	0	0	0	0	18	78	0	0	0	1	0	0
input/ontoserver/JDV/JDV_J150_MethodBP_ENS_JDV-J150-MethodBP-ENS.json	1317	2	0	0	0	0	0	0	0	147	0	0	0	0	0	0	0	0	0	0	13	174	0	0	0	0	0	0
input/ontoserver/JDV/JDV_J151_BodySiteBodyTemperature_ENS_JDV-J151-BodySiteBodyTemperature-ENS.json	1309	2	0	0	0	0	0	0	0	172	0	0	0	0	0	0	0	0	0	0	10	185	0	0	0	0	0	0
input/ontoserver/JDV/JDV_J152_MethodBodyTemperature_ENS_JDV-J152-MethodBodyTemperature-ENS.json	1203	2	0	0	0	0	0	0	0	158	0	0	0	0	0	0	0	0	0	0	9	331	0	0	0	0	0	0
input/ontoserver/JDV/JDV_J153_TypeDiabete_ENS_JDV-J153-TypeDiabete-ENS.json	1715	1	0	0	0	0	0	0	0	755	0	0	0	0	0	0	0	0	0	0	15	32	0	0	0	0	0	0
input/ontoserver/JDV/JDV_J154_TypeGlucose_ENS_JDV-J154-TypeGlucose-ENS.json	1279	2	0	0	0	0	0	0	0	336	0	0	0	0	0	0	0	0	0	0	14	411	0	0	0	1	0	0
input/ontoserver/JDV/JDV_J155_MethodGlucoseSanguin_ENS_JDV-J155-MethodGlucoseSanguin-ENS.json	1287	2	0	0	0	0	0	0	1	297	0	0	0	0	0	0	0	0	0	0	13	306	0	0	0	0	0	0
input/ontoserver/JDV/JDV_J156_MethodGlucoseInterstitiel_ENS_JDV-J156-MethodGlucoseInterstitiel-ENS.json	1142	2	0	0	0	0	0	0	0	160	0	0	0	0	0	0	0	0	0	0	12	166	0	0	0	0	0	0
input/ontoserver/JDV/JDV_J157_MomentGlucose_ENS_JDV-J157-MomentGlucose-ENS.json	1390	1	0	0	0	0	0	0	0	350	0	0	0	0	0	0	0	0	0	0	14	410	0	0	0	0	0	0
input/ontoserver/JDV/JDV_J158_MethodStepsByDay_ENS_JDV-J158-MethodStepsByDay-ENS.json	1295	2	0	0	0	0	0	0	0	151	0	0	0	0	0	0	0	0	0	0	12	176	0	0	0	0	0	0
input/ontoserver/JDV/JDV_J159_MethodPainSeverity_ENS_JDV-J159-MethodPainSeverity-ENS.json	1240	2	0	0	0	0	0	0	0	249	0	0	0	0	0	0	0	0	0	0	12	307	0	0	0	1	0	0
input/ontoserver/JDV/JDV_J15_ClasseAge_ROR_JDV-J15-ClasseAge-ROR.json	1418	2	0	0	1	0	0	0	0	3	0	0	0	1	0	0	0	0	0	0	14	36	0	0	0	0	0	0
input/ontoserver/JDV/JDV_J161_Lateralite_CISIS_JDV-J161-Lateralite-CISIS.json	1153	1	0	0	0	0	0	0	0	164	0	0	0	0	0	0	0	0	0	0	12	180	0	0	0	0	0	0
input/ontoserver/JDV/JDV_J162_ESPIC_RASS_JDV-J162-ESPIC-RASS.json	1615	2	0	0	0	0	0	0	0	3	0	0	0	0	0	0	0	0	0	0	14	46	0	0	0	0	0	0
input/ontoserver/JDV/JDV_J163_GlucoseUnits_ENS_JDV-J163-GlucoseUnits-ENS.json	1136	2	0	0	0	0	0	0	0	81	0	0	0	0	0	0	0	0	0	0	12	257	0	0	0	1	0	0
input/ontoserver/JDV/JDV_J164_GlucoseNumberOfDays_ENS_JDV-J164-GlucoseNumberOfDays-ENS.json	1384	2	0	0	0	0	0	0	0	279	0	0	0	0	0	0	0	0	0	0	12	312	0	0	0	0	0	0
input/ontoserver/JDV/JDV_J165_TypeCreneau_SAS_JDV-J165-TypeCreneau-SAS.json	1580	2	0	0	0	0	0	0	0	3	0	0	0	0	0	0	0	0	0	0	14	36	0	0	0	0	0	0
input/ontoserver/JDV/JDV_J166_Profession_EPARS_JDV-J166-Profession-EPARS.json	2596	1	0	0	0	0	0	0	1	4	0	0	0	0	0	0	0	0	0	0	15	52	0	0	0	0	0	0
input/ontoserver/JDV/JDV_J167_DepartementOM_EPARS_JDV-J167-DepartementOM-EPARS.json	5703	3	0	0	0	0	0	0	0	6	0	0	0	0	0	0	0	0	0	0	29	32	0	0	0	1	0	0
input/ontoserver/JDV/JDV_J168_Pays_EPARS_JDV-J168-Pays-EPARS.json	14150	2	0	0	0	0	0	0	1	9	0	0	0	0	0	0	0	1	0	0	52	36	0	0	0	2	0	1
input/ontoserver/JDV/JDV_J169_MotifFinActivite_EPARS_JDV-J169-MotifFinActivite-EPARS.json	1541	2	0	0	0	0	0	0	0	3	0	0	0	0	0	0	0	0	0	0	10	37	0	0	0	1	0	0
input/ontoserver/JDV/JDV_J16_ActeSpecifique_ROR_JDV-J16-ActeSpecifique-ROR.json	97744	6	0	0	0	0	0	0	5	118	0	0	0	0	0	0	0	1	0	0	394	1495	0	0	0	24	0	0
input/ontoserver/JDV/JDV_J170_AutoriteEnregistrement_EPARS_JDV-J170-AutoriteEnregistrement-EPARS.json	2214	2	0	0	0	0	0	0	0	5	0	0	0	0	0	0	0	0	0	0	14	51	0	0	0	1	0	0
input/ontoserver/JDV/JDV_J171_TypeAutorisation_EPARS_JDV-J171-TypeAutorisation-EPARS.json	2941	2	0	0	1	0	0	0	1	5	0	0	0	0	0	0	0	0	0	0	17	67	0	0	0	1	0	0
input/ontoserver/JDV/JDV_J172_SecteurActivite_EPARS_JDV-J172-SecteurActivite-EPARS.json	5787	2	0	0	0	0	0	0	0	7	0	0	0	0	0	0	0	0	0	0	27	120	0	0	0	0	0	0
input/ontoserver/JDV/JDV_J173_FinessStatutJuridique_EPARS_JDV-J173-FinessStatutJuridique-EPARS.json	7161	2	0	0	0	0	0	0	1	6	0	0	0	0	0	0	0	0	0	0	31	133	0	0	0	1	0	0
input/ontoserver/JDV/JDV_J176_SituationVieQuotidienne_MDPH_JDV-J176-SituationVieQuotidienne-MDPH.json	1464	2	0	0	0	0	0	0	0	3	0	0	0	0	0	0	0	0	0	0	10	34	0	0	0	1	0	0
input/ontoserver/JDV/JDV_J177_BesoinAideMobilite_MDPH_JDV-J177-BesoinAideMobilite-MDPH.json	1651	2	0	0	0	0	0	0	0	4	0	0	0	0	0	0	0	0	0	0	11	37	0	0	0	0	0	0
input/ontoserver/JDV/JDV_J178_BesoinAideVieSociale_MDPH_JDV-J178-BesoinAideVieSociale-MDPH.json	1644	2	0	0	0	0	0	0	0	3	0	0	0	0	0	0	0	0	0	0	12	38	0	0	0	0	0	0
input/ontoserver/JDV/JDV_J179_BesoinCommunication_MDPH_JDV-J179-BesoinCommunication-MDPH.json	1483	1	0	0	0	0	0	0	0	4	0	0	0	0	0	0	0	0	0	0	10	34	0	0	0	1	0	0
input/ontoserver/JDV/JDV_J17_ActiviteOperationnelle_ROR_JDV-J17-ActiviteOperationnelle-ROR.json	41067	4	0	0	0	0	0	0	2	31	0	0	0	0	0	0	0	0	0	0	198	756	0	0	0	10	0	1
input/ontoserver/JDV/JDV_J180_BesoinEntretienPersonnel_MDPH_JDV-J180-BesoinEntretienPersonnel-MDPH.json	1558	2	0	0	1	0	0	0	0	6	0	0	0	0	0	0	0	0	0	0	12	39	0	0	0	0	0	0
input/ontoserver/JDV/JDV_J181_BesoinMobilite_MDPH_JDV-J181-BesoinMobilite-MDPH.json	1519	2	0	0	0	0	0	0	0	5	0	0	0	0	0	0	0	0	0	0	11	41	0	0	0	1	0	0
input/ontoserver/JDV/JDV_J182_BesoinScolarite_MDPH_JDV-J182-BesoinScolarite-MDPH.json	1641	2	0	0	0	0	0	0	0	4	0	0	0	0	0	0	0	0	0	0	12	39	0	0	0	0	0	0
input/ontoserver/JDV/JDV_J183_Diplome_EPARS_JDV-J183-Diplome-EPARS.json	9765	2	0	0	0	0	0	0	1	11	0	0	0	0	0	0	0	0	0	0	48	126	0	0	0	1	0	0
input/ontoserver/JDV/JDV_J185_TypeFermeture_ROR_JDV-J185-TypeFermeture-ROR.json	1140	1	0	0	0	0	0	0	0	3	0	0	0	0	0	0	0	0	0	0	9	30	0	0	0	1	0	0
input/ontoserver/JDV/JDV_J186_ProfessionRessource_ROR_JDV-J186-ProfessionRessource-ROR.json	9866	3	0	0	0	0	0	0	1	8	0	0	0	0	0	0	0	1	0	0	45	233	0	0	0	1	0	0
input/ontoserver/JDV/JDV_J187_NatureCapacite_ROR_JDV-J187-NatureCapacite-ROR.json	1143	2	0	0	0	0	0	0	0	2	0	0	0	0	0	0	0	0	0	0	9	30	0	0	0	0	0	0
input/ontoserver/JDV/JDV_J188_TypeStatutCapacite_ROR_JDV-J188-TypeStatutCapacite-ROR.json	1342	1	0	0	0	0	0	0	0	3	0	0	0	0	0	0	0	0	0	0	10	35	0	0	0	1	0	0
input/ontoserver/JDV/JDV_J189_TemporaliteCapacite_ROR_JDV-J189-TemporaliteCapacite-ROR.json	1579	2	0	0	0	0	0	0	0	4	0	0	0	0	0	0	0	0	0	0	10	31	0	0	0	0	0	0
input/ontoserver/JDV/JDV_J18_EquipementSpecifique_ROR_JDV-J18-EquipementSpecifique-ROR.json	12584	3	0	0	1	0	0	0	1	8	0	0	0	0	0	0	0	0	0	0	51	230	0	0	0	2	0	0
input/ontoserver/JDV/JDV_J190_GenreCapacite_ROR_JDV-J190-GenreCapacite-ROR.json	1271	1	0	0	0	0	0	0	0	3	0	0	0	0	0	0	0	0	0	0	10	31	0	0	0	0	0	0
input/ontoserver/JDV/JDV_J191_TypeFermetureCapacite_ROR_JDV-J191-TypeFermetureCapacite-ROR.json	1396	2	0	0	0	0	0	0	0	3	0	0	0	0	0	0	0	0	0	0	9	30	0	0	0	0	0	0
input/ontoserver/JDV/JDV_J192_TypeLitSupplementaire_ROR_JDV-J192-TypeLitSupplementaire-ROR.json	1447	2	0	0	0	0	0	0	0	3	0	0	0	0	0	0	0	0	0	0	17	29	0	0	0	1	0	0
input/ontoserver/JDV/JDV_J193_TypeSourceCapacite_ROR_JDV-J193-TypeSourceCapacite-ROR.json	1342	2	0	0	0	0	0	0	0	3	0	0	0	0	0	0	0	0	0	0	10	30	0	0	0	0	0	0
input/ontoserver/JDV/JDV_J194_TypeCrise_ROR_JDV-J194-TypeCrise-ROR.json	1198	2	0	0	0	0	0	0	0	4	0	0	0	0	0	0	0	0	0	0	9	29	0	0	0	0	0	0
input/ontoserver/JDV/JDV_J195_AffectationTemporaire_ROR_JDV-J195-AffectationTemporaire-ROR.json	1418	1	0	0	0	0	0	0	0	34	0	0	0	0	0	0	0	0	0	0	9	29	0	0	0	0	0	0
input/ontoserver/JDV/JDV_J196_StatutCommunication_ROR_JDV-J196-StatutCommunication-ROR.json	1215	2	0	0	0	0	0	0	0	5	0	0	0	0	0	0	0	0	0	0	9	27	0	0	0	1	0	0
input/ontoserver/JDV/JDV_J197_XdsTypesIdentifiantsReferenceId_CISIS_JDV-J197-XdsTypesIdentifiantsReferenceId-CISIS.json	1728	2	0	0	0	0	0	0	0	5	0	0	0	0	0	0	0	0	0	0	11	33	0	0	0	0	0	0
input/ontoserver/JDV/JDV_J198_FonctionLieu_ROR_JDV-J198-FonctionLieu-ROR.json	1093	17	0	0	0	0	0	0	0	4	0	0	0	0	0	0	0	0	0	0	9	27	0	0	0	0	0	0
input/ontoserver/JDV/JDV_J199_StatutJuridique_ROR_JDV-J199-StatutJuridique-ROR.json	7138	2	0	0	1	0	0	0	1	4	0	0	0	0	0	0	0	0	0	0	31	132	0	0	0	1	0	0
input/ontoserver/JDV/JDV_J19_ModePriseEnCharge_ROR_JDV-J19-ModePriseEnCharge-ROR.json	3393	2	0	0	0	0	0	0	0	4	0	0	0	0	0	0	0	0	0	0	19	77	0	0	0	1	0	0
input/ontoserver/JDV/JDV_J200_SousEnsembleAgregatStatutJuridique_ROR_JDV-J200-SousEnsembleAgregatStatutJuridique-ROR.json	1510	2	0	0	0	0	0	0	0	3	0	0	0	0	0	0	0	0	0	0	10	31	0	0	0	0	0	0
input/ontoserver/JDV/JDV_J201_TypeFermeture_ROR_JDV-J201-TypeFermeture-ROR.json	1341	2	0	0	0	0	0	0	0	3	0	0	0	0	0	0	0	0	0	0	10	32	0	0	0	0	0	0
input/ontoserver/JDV/JDV_J202_ESPIC_ROR_JDV-J202-ESPIC-ROR.json	1594	2	0	0	0	0	0	0	0	3	0	0	0	0	0	0	0	0	0	0	10	36	0	0	0	0	0	0
input/ontoserver/JDV/JDV_J203_TypeOrganisationInterne_ROR_JDV-J203-TypeOrganisationInterne-ROR.json	1541	2	0	0	0	0	0	0	0	3	0	0	0	0	0	0	0	0	0	0	10	33	0	0	0	1	0	0
input/ontoserver/JDV/JDV_J204_NiveauRecoursORSAN_ROR_JDV-J204-NiveauRecoursORSAN-ROR.json	1195	1	0	0	0	0	0	0	0	3	0	0	0	0	0	0	0	0	0	0	9	31	0	0	0	0	0	0
input/ontoserver/JDV/JDV_J205_UnitePrix_ROR_JDV-J205-UnitePrix-ROR.json	1149	2	0	0	0	0	0	0	0	3	0	0	0	0	0	0	0	0	0	0	9	33	0	0	0	0	0	0
input/ontoserver/JDV/JDV_J206_PrestationNonObligatoireIncluse_ROR_JDV-J206-PrestationNonObligatoireIncluse-ROR.json	2118	2	0	0	1	0	0	0	0	3	0	0	0	0	0	0	0	0	0	0	12	48	0	0	0	0	0	0
input/ontoserver/JDV/JDV_J207_Civilite_ROR_JDV-J207-Civilite-ROR.json	1081	2	0	0	0	0	0	0	0	2	0	0	0	0	0	0	0	0	0	0	9	30	0	0	0	0	0	0
input/ontoserver/JDV/JDV_J208_CiviliteExercice_ROR_JDV-J208-CiviliteExercice-ROR.json	1312	1	0	0	0	0	0	0	0	3	0	0	0	0	0	0	0	0	0	0	10	36	0	0	0	1	0	0
input/ontoserver/JDV/JDV_J209_TypeSavoirFaire_ROR_JDV-J209-TypeSavoirFaire-ROR.json	1740	2	0	0	0	0	0	0	1	3	0	0	0	0	0	0	0	0	0	0	11	52	0	0	0	0	0	0
input/ontoserver/JDV/JDV_J20_ChampActivite_ROR_JDV-J20-ChampActivite-ROR.json	1298	2	0	0	0	0	0	0	0	3	0	0	0	0	0	0	0	0	0	0	10	42	0	0	0	0	0	0
input/ontoserver/JDV/JDV_J210_SpecialiteOrdinale_ROR_JDV-J210-SpecialiteOrdinale-ROR.json	9281	2	0	0	0	0	0	0	0	8	0	0	0	0	0	0	0	0	0	0	40	174	0	0	0	1	0	1
input/ontoserver/JDV/JDV_J211_CompetenceExclusive_ROR_JDV-J211-CompetenceExclusive-ROR.json	1302	2	0	0	0	0	0	0	0	4	0	0	0	0	0	0	0	0	0	0	9	31	0	0	0	1	0	0
input/ontoserver/JDV/JDV_J212_OrientationParticuliere_ROR_JDV-J212-OrientationParticuliere-ROR.json	1155	2	0	0	0	0	0	0	0	4	0	0	0	0	0	0	0	0	0	0	9	34	0	0	0	0	0	0
input/ontoserver/JDV/JDV_J213_CapaciteSavoirFaire_ROR_JDV-J213-CapaciteSavoirFaire-ROR.json	2204	2	0	0	0	0	0	0	1	3	0	0	0	0	0	0	0	0	0	0	13	53	0	0	0	0	0	0
input/ontoserver/JDV/JDV_J214_QualificationPAC_ROR_JDV-J214-QualificationPAC-ROR.json	1124	1	0	0	0	0	0	0	0	3	0	0	0	0	0	0	0	0	0	0	9	28	0	0	0	0	0	0
input/ontoserver/JDV/JDV_J215_DESCnonQualifiant_ROR_JDV-J215-DESCnonQualifiant-ROR.json	4059	2	0	0	1	0	0	0	0	3	0	0	0	0	0	0	0	0	0	0	19	74	0	0	0	1	0	0
input/ontoserver/JDV/JDV_J216_DroitExerciceCompl_ROR_JDV-J216-DroitExerciceCompl-ROR.json	2861	2	0	0	0	0	0	0	0	3	0	0	0	0	0	0	0	0	0	0	15	55	0	0	0	0	0	0
input/ontoserver/JDV/JDV_J217_ModeExercice_ROR_JDV-J217-ModeExercice-ROR.json	1162	2	0	0	0	0	0	0	0	3	0	0	0	0	0	0	0	0	0	0	9	33	0	0	0	1	0	0
input/ontoserver/JDV/JDV_J218_CNAMAmeliSecteurConventionnement_ROR_JDV-J218-CNAMAmeliSecteurConventionnement-ROR.json	1432	2	0	0	0	0	0	0	0	3	0	0	0	0	0	0	0	0	0	0	10	36	0	0	0	0	0	0
input/ontoserver/JDV/JDV_J219_TypeVoie_ROR_JDV-J219-TypeVoie-ROR.json	8516	2	0	0	0	0	0	0	1	6	0	0	0	0	0	0	0	0	0	0	41	239	0	0	0	1	0	0
input/ontoserver/JDV/JDV_J21_PalierAuthentificationActeurPP_JDV-J21-PalierAuthentificationActeurPP.json	1889	2	0	0	0	0	0	0	0	3	0	0	0	0	0	0	0	0	0	0	14	33	0	0	0	1	0	0
input/ontoserver/JDV/JDV_J220_FonctionContact_ROR_JDV-J220-FonctionContact-ROR.json	2666	2	0	0	0	0	0	0	0	4	0	0	0	0	0	0	0	1	0	0	15	59	0	0	0	0	0	0
input/ontoserver/JDV/JDV_J221_NatureContact_ROR_JDV-J221-NatureContact-ROR.json	1879	2	0	0	0	0	0	0	0	3	0	0	0	0	0	0	0	0	0	0	12	57	0	0	0	0	0	0
input/ontoserver/JDV/JDV_J222_NiveauConfidentialite_ROR_JDV-J222-NiveauConfidentialite-ROR.json	1217	1	0	0	0	0	0	0	0	3	0	0	0	0	0	0	0	0	0	0	11	39	0	0	0	1	0	0
input/ontoserver/JDV/JDV_J223_TypeDivisionTerritoriale_ROR_JDV-J223-TypeDivisionTerritoriale-ROR.json	1336	2	0	0	0	0	0	0	0	3	0	0	0	0	0	0	0	0	0	0	10	36	0	0	0	0	0	0
input/ontoserver/JDV/JDV_J224_StatutLieu_ROR_JDV-J224-StatutLieu-ROR.json	1134	2	0	0	0	0	0	0	0	3	0	0	0	0	0	0	0	0	0	0	8	28	0	0	0	0	0	0
input/ontoserver/JDV/JDV_J225_CanalCommunication_ROR_JDV-J225-CanalCommunication-ROR.json	1509	2	0	0	0	0	0	0	1	3	0	0	0	0	0	0	0	0	0	0	10	36	0	0	0	0	0	0
input/ontoserver/JDV/JDV_J226_ModaliteAccueil_ROR_JDV-J226-ModaliteAccueil-ROR.json	2191	2	0	0	1	0	0	0	0	3	0	0	0	0	0	0	0	0	0	0	13	46	0	0	0	0	0	0
input/ontoserver/JDV/JDV_J227_NiveauExpertise_ROR_JDV-J227-NiveauExpertise-ROR.json	5085	1	0	0	0	0	0	0	0	4	0	0	0	0	0	0	0	0	0	0	20	68	0	0	0	1	0	0
input/ontoserver/JDV/JDV_J228_TypeCaracteristiqueEquipement_ROR_JDV-J228-TypeCaracteristiqueEquipement-ROR.json	1217	2	0	0	0	0	0	0	0	4	0	0	0	0	0	0	0	0	0	0	11	30	0	0	0	0	0	0
input/ontoserver/JDV/JDV_J229_ProfessionSante_ROR_JDV-J229-ProfessionSante-ROR.json	2525	2	0	0	0	0	0	0	0	3	0	0	0	0	0	0	0	0	0	0	15	57	0	0	0	1	0	0
input/ontoserver/JDV/JDV_J22_RestrictionAudienceVIHF_CISIS_JDV-J22-RestrictionAudienceVIHF-CISIS.json	1213	2	0	0	0	0	0	0	0	3	0	0	0	0	0	0	0	0	0	0	9	28	0	0	0	0	0	0
input/ontoserver/JDV/JDV_J231_XdsTypesIdentifiantsReferenceId_DMP_JDV-J231-XdsTypesIdentifiantsReferenceId-DMP.json	1428	2	0	0	0	0	0	0	0	3	0	0	0	0	0	0	0	0	0	0	10	30	0	0	0	0	0	0
input/ontoserver/JDV/JDV_J232_Competence_ROR_JDV-J232-Competence-ROR.json	3573	2	0	0	0	0	0	0	0	3	0	0	0	0	0	0	0	0	0	0	18	75	0	0	0	0	0	0
input/ontoserver/JDV/JDV_J233_TypeDiplome_EPARS_JDV-J233-TypeDiplome-EPARS.json	1163	1	0	0	0	0	0	0	1	3	0	0	0	0	0	0	0	0	0	0	9	35	0	0	0	1	0	0
input/ontoserver/JDV/JDV_J234_GenreActivite_EPARS_JDV-J234-GenreActivite-EPARS.json	1194	2	0	0	0	0	0	0	0	3	0	0	0	0	0	0	0	0	0	0	9	36	0	0	0	0	0	0
input/ontoserver/JDV/JDV_J235_LieuFormation_EPARS_JDV-J235-LieuFormation-EPARS.json	5874	2	0	0	1	0	0	0	0	17	0	0	0	0	0	0	0	0	0	0	29	178	0	0	0	1	0	0
input/ontoserver/JDV/JDV_J236_TypeIdentifiant_ROR_JDV-J236-TypeIdentifiant-ROR.json	2608	2	0	0	0	0	0	0	0	4	0	0	0	0	0	0	0	0	0	0	16	45	0	0	0	0	0	0
input/ontoserver/JDV/JDV_J237_RegionOM_ROR_JDV-J237-RegionOM-ROR.json	1826	2	0	0	0	0	0	0	1	4	0	0	0	0	0	0	0	0	0	0	12	25	0	0	0	1	0	0
input/ontoserver/JDV/JDV_J238_TypeOffre_ROR_JDV-J238-TypeOffre-ROR.json	22209	3	0	0	0	0	0	0	1	10	0	0	0	0	0	0	0	0	0	0	84	363	0	0	0	3	0	0
input/ontoserver/JDV/JDV_J239_SpecialitesSNP_SAS_JDV-J239-SpecialitesSNP-SAS.json	2563	2	0	0	0	0	0	0	0	3	0	0	0	0	0	0	0	0	0	0	15	54	0	0	0	1	0	0
input/ontoserver/JDV/JDV_J23_TypeNoteCahierLiaison_CISIS_JDV-J23-TypeNoteCahierLiaison-CISIS.json	1303	1	0	0	0	0	0	0	0	3	0	0	0	0	0	0	0	0	0	0	10	32	0	0	0	0	0	0
input/ontoserver/JDV/JDV_J241_ThematiqueAnomalie_ROR_JDV-J241-ThematiqueAnomalie-ROR.json	1343	2	0	0	0	0	0	0	0	3	0	0	0	0	0	0	0	0	0	0	10	32	0	0	0	0	0	0
input/ontoserver/JDV/JDV_J242_ActionAnomalie_ROR_JDV-J242-ActionAnomalie-ROR.json	1193	2	0	0	0	0	0	0	0	3	0	0	0	0	0	0	0	0	0	0	9	31	0	0	0	0	0	0
input/ontoserver/JDV/JDV_J244_StatutMetierAnomalie_ROR_JDV-J244-StatutMetierAnomalie-ROR.json	1644	2	0	0	0	0	0	0	0	4	0	0	0	0	0	0	0	0	0	0	11	41	0	0	0	1	0	0
input/ontoserver/JDV/JDV_J245_Civilite_CISIS_JDV-J245-Civilite-CISIS.json	1055	2	0	0	0	0	0	0	0	3	0	0	0	0	0	0	0	0	0	0	9	30	0	0	0	0	0	0
input/ontoserver/JDV/JDV_J246_Titre_CISIS_JDV-J246-Titre-CISIS.json	1276	1	0	0	0	0	0	0	0	2	0	0	0	0	0	0	0	0	0	0	10	31	0	0	0	0	0	0
input/ontoserver/JDV/JDV_J247_Pays_ROR_JDV-J247-Pays-ROR.json	10917	3	0	0	0	0	0	0	1	8	0	0	0	0	0	0	0	0	0	0	47	36	0	0	0	2	0	1
input/ontoserver/JDV/JDV_J248_DepartementOM_ROR_JDV-J248-DepartementOM-ROR.json	6229	2	0	0	1	0	0	0	1	8	0	0	0	0	0	0	0	1	0	0	31	29	0	1	0	1	0	0
input/ontoserver/JDV/JDV_J249_TerritoireSante_ROR_JDV-J249-TerritoireSante-ROR.json	7054	2	0	0	0	0	0	0	1	6	0	0	0	0	0	0	0	0	0	0	35	168	0	0	0	1	0	0
input/ontoserver/JDV/JDV_J24_ProfessionAuteurNote_CISIS_JDV-J24-ProfessionAuteurNote-CISIS.json	2359	2	0	0	0	0	0	0	0	3	0	0	0	0	0	0	0	0	0	0	14	54	0	0	0	0	0	0
input/ontoserver/JDV/JDV_J250_MotifStatutPersonnePriseChargeUnite_JDV-J250-MotifStatutPersonnePriseChargeUnite.json	3366	2	0	0	0	0	0	0	0	3	0	0	0	0	0	0	0	0	0	0	18	58	0	0	0	1	0	0
input/ontoserver/JDV/JDV_J251_MotifStatutPersonnePriseChargeESMS_JDV-J251-MotifStatutPersonnePriseChargeESMS.json	3189	5	0	0	0	0	0	0	0	4	0	0	0	0	0	0	0	0	0	0	16	52	0	0	0	0	0	0
input/ontoserver/JDV/JDV_J252_StatutPersonnePriseChargeESMS_JDV-J252-StatutPersonnePriseChargeESMS.json	2146	2	0	0	0	0	0	0	0	3	0	0	0	0	0	0	0	0	0	0	13	43	0	0	0	1	0	0
input/ontoserver/JDV/JDV_J253_StatutPersonnePriseChargeUnite_JDV-J253-StatutPersonnePriseChargeUnite.json	1829	2	0	0	0	0	0	0	0	3	0	0	0	0	0	0	0	0	0	0	11	36	0	0	0	0	0	0
input/ontoserver/JDV/JDV_J254_CategorieEtablissementESSMSPH_JDV-J254-CategorieEtablissementESSMSPH.json	3218	2	0	0	0	0	1	0	0	3	0	0	0	0	0	0	0	0	0	0	16	55	0	0	0	0	0	0
input/ontoserver/JDV/JDV_J255_SurspecialiteTransversale_RPPS_JDV-J255-SurspecialiteTransversale-RPPS.json	3009	2	0	0	0	0	0	0	1	3	0	0	0	0	0	0	0	0	0	0	17	61	0	0	0	1	0	0
input/ontoserver/JDV/JDV_J256_Pays_JDV-J256-Pays.json	11149	2	0	0	0	0	0	0	0	13	0	0	0	0	0	0	0	0	0	0	48	268	0	0	0	1	0	0
input/ontoserver/JDV/JDV_J257_Region_JDV-J257-Region.json	2334	2	0	0	0	0	0	0	0	5	0	0	0	0	0	0	0	0	0	0	13	56	0	0	0	1	0	0
input/ontoserver/JDV/JDV_J258_Departement_JDV-J258-Departement.json	6291	2	0	0	0	0	0	0	0	11	0	0	0	0	0	0	0	0	0	0	48	149	0	0	0	2	0	0
input/ontoserver/JDV/JDV_J259_ModeFixationTarifaire_RASS_JDV-J259-ModeFixationTarifaire-RASS.json	4975	3	0	0	1	0	0	0	1	4	0	0	0	0	0	0	0	0	0	0	22	77	0	0	0	0	0	0
input/ontoserver/JDV/JDV_J260_TypeFermeture_RASS_JDV-J260-TypeFermeture-RASS.json	1361	2	0	0	0	0	0	0	0	2	0	0	0	0	0	0	0	0	0	0	10	32	0	0	0	0	0	0
input/ontoserver/JDV/JDV_J261_SourceInformationInstallation_RASS_JDV-J261-SourceInformationInstallation-RASS.json	1591	1	0	0	0	0	0	0	0	3	0	0	0	0	0	0	0	0	0	0	11	36	0	0	0	1	0	0
input/ontoserver/JDV/JDV_J262_Sexe_JDV-J262-Sexe.json	1140	2	0	0	0	0	0	0	0	3	0	0	0	0	0	0	0	0	0	0	9	30	0	0	0	0	0	0
input/ontoserver/JDV/JDV_J264_ModeEtCentreDePriseEnCharge_MDPH_JDV-J264-ModeEtCentreDePriseEnCharge-MDPH.json	1548	2	0	0	0	0	0	0	0	4	0	0	0	0	0	0	0	0	0	0	11	32	0	0	0	0	0	0
input/ontoserver/JDV/JDV_J265_RoleMembreCercleDeSoins_CISIS_JDV-J265-RoleMembreCercleDeSoins-CISIS.json	1531	1	0	0	0	0	0	0	0	5	0	0	0	0	0	0	0	0	0	0	10	33	0	0	0	0	0	0
input/ontoserver/JDV/JDV_J26_ModeGestion_ROR_JDV-J26-ModeGestion-ROR.json	1064	2	0	0	0	0	0	0	0	4	0	0	0	0	0	0	0	0	0	0	9	30	0	0	0	1	0	0
input/ontoserver/JDV/JDV_J275_EMDN_UPNOS_JDV-J275-EMDN-UPNOS.json	2248	2	0	0	0	0	0	0	0	182	0	0	0	0	0	0	0	0	0	0	12	391	0	0	0	0	0	0
input/ontoserver/JDV/JDV_J277_NCIT_CISIS_JDV-J277-NCIT-CISIS.json	1214	2	0	0	0	0	0	0	0	267	0	0	0	0	0	0	0	0	0	0	14	289	0	0	0	0	0	0
input/ontoserver/JDV/JDV_J278_UcumUniteMesure_UPNOS_JDV-J278-UcumUniteMesure-UPNOS.json	1545	1	0	0	1	0	0	0	0	83	0	0	0	0	0	0	0	0	0	0	13	122	0	0	0	0	0	0
input/ontoserver/JDV/JDV_J279_Loinc_UPNOS_JDV-J279-Loinc-UPNOS.json	6889	2	0	0	0	0	0	0	0	127	0	0	0	0	0	0	0	0	0	0	25	248	0	0	0	1	0	0
input/ontoserver/JDV/JDV_J27_GroupeTarifaireDependance_ROR_JDV-J27-GroupeTarifaireDependance-ROR.json	1231	4	0	0	0	0	0	0	0	3	0	0	0	0	0	0	0	0	0	0	9	29	0	0	0	0	0	0
input/ontoserver/JDV/JDV_J280_CIM10ATIH_UPNOS_JDV-J280-CIM10ATIH-UPNOS.json	4784	1	0	0	0	0	0	0	1	170	0	0	0	0	0	0	0	1	0	0	16	27	0	0	0	1	0	0
input/ontoserver/JDV/JDV_J281_StatutsRessourcesMS_JDV-J281-StatutsRessourcesMS.json	1340	2	0	0	0	0	0	0	0	4	0	0	0	0	0	0	0	0	0	0	10	35	0	0	0	0	0	0
input/ontoserver/JDV/JDV_J282_TransportsLiesAuProjetIndividuel_SERAFIN_JDV-J282-TransportsLiesAuProjetIndividuel-SERAFIN.json	1566	2	0	0	0	0	0	0	0	2	0	0	0	0	0	0	0	0	0	0	10	32	0	0	0	0	0	0
input/ontoserver/JDV/JDV_J283_PrestationsIndirects_SERAFIN_JDV-J283-PrestationsIndirects-SERAFIN.json	4275	2	0	0	0	0	0	0	0	4	0	0	0	0	0	0	0	0	0	0	19	65	0	0	0	1	0	1
input/ontoserver/JDV/JDV_J284_PrestationsDirects_SERAFIN_JDV-J284-PrestationsDirects-SERAFIN.json	4688	2	0	0	0	0	0	0	0	4	0	0	0	0	0	0	0	0	0	0	20	67	0	0	0	0	0	0
input/ontoserver/JDV/JDV_J285_Besoins_SERAFIN_JDV-J285-Besoins-SERAFIN.json	4310	1	0	0	0	0	0	0	0	3	0	0	0	0	0	0	0	0	0	0	19	65	0	0	0	1	0	0
input/ontoserver/JDV/JDV_J286_ProfilUtilisateurReferentielNational_ROR_JDV-J286-ProfilUtilisateurReferentielNational-ROR.json	1951	2	0	0	0	0	0	0	0	3	0	0	0	0	0	0	0	0	0	0	12	38	0	0	0	0	0	0
input/ontoserver/JDV/JDV_J28_OuvertureAnnuelle_ROR_JDV-J28-OuvertureAnnuelle-ROR.json	1413	2	0	0	1	0	0	0	0	3	0	0	0	0	0	0	0	0	0	0	10	33	0	0	0	0	0	0
input/ontoserver/JDV/JDV_J29_PublicPrisEnCharge_ROR_JDV-J29-PublicPrisEnCharge-ROR.json	1717	2	0	0	0	0	0	0	0	3	0	0	0	0	0	0	0	0	0	0	11	36	0	0	0	1	0	0
input/ontoserver/JDV/JDV_J30_TemporaliteAccueil_ROR_JDV-J30-TemporaliteAccueil-ROR.json	1116	1	0	0	0	0	0	0	0	2	0	0	0	0	0	0	0	0	0	0	9	29	0	0	0	0	0	0
input/ontoserver/JDV/JDV_J31_AideFinanciere_ROR_JDV-J31-AideFinanciere-ROR.json	1169	2	0	0	0	0	0	0	0	3	0	0	0	0	0	0	0	0	0	0	9	29	0	0	0	0	0	0
input/ontoserver/JDV/JDV_J32_TypeHabitation_ROR_JDV-J32-TypeHabitation-ROR.json	1260	2	0	0	0	0	0	0	0	3	0	0	0	0	0	0	0	0	0	0	9	37	0	0	0	0	0	0
input/ontoserver/JDV/JDV_J33_CompetenceSpecifique_ROR_JDV-J33-CompetenceSpecifique-ROR.json	4776	2	0	0	0	0	0	0	0	3	0	0	0	0	0	0	0	0	0	0	23	87	0	0	0	1	0	0
input/ontoserver/JDV/JDV_J34_CategorieOrganisation_ROR_JDV-J34-CategorieOrganisation-ROR.json	22166	2	0	0	2	0	0	0	1	8	0	0	0	0	0	0	0	0	0	0	85	364	0	0	0	4	0	0
input/ontoserver/JDV/JDV_J35_SpecialisationDePriseEnCharge_ROR_JDV-J35-SpecialisationDePriseEnCharge-ROR.json	6451	2	0	0	0	0	0	0	0	5	0	0	0	0	0	0	0	0	0	0	30	99	0	0	0	0	0	0
input/ontoserver/JDV/JDV_J36_TypeTarif_ROR_JDV-J36-TypeTarif-ROR.json	1389	2	0	0	0	0	0	0	0	3	0	0	0	0	0	0	0	0	0	0	9	35	0	0	0	1	0	0
input/ontoserver/JDV/JDV_J37_UcumUniteTemps_JDV-J37-UcumUniteTemps.json	1233	1	0	0	0	0	0	0	0	82	0	0	0	0	0	0	0	0	0	0	9	127	0	0	0	0	0	0
input/ontoserver/JDV/JDV_J38_ModeAcces_CISIS_JDV-J38-ModeAcces-CISIS.json	1273	2	0	0	0	0	0	0	0	3	0	0	0	0	0	0	0	0	0	0	9	29	0	0	0	0	0	0
input/ontoserver/JDV/JDV_J39_ConditionTarifaire_ROR_JDV-J39-ConditionTarifaire-ROR.json	1220	2	0	0	0	0	0	0	1	3	0	0	0	0	0	0	0	0	0	0	9	30	0	0	0	0	0	0
input/ontoserver/JDV/JDV_J41_TypeHoraire_ROR_JDV-J41-TypeHoraire-ROR.json	1654	1	0	0	0	0	0	0	0	3	0	0	0	0	0	0	0	0	0	0	12	42	0	0	0	1	0	0
input/ontoserver/JDV/JDV_J42_TypeMaternite_ROR_JDV-J42-TypeMaternite-ROR.json	1222	2	0	0	0	0	0	0	0	2	0	0	0	0	0	0	0	0	0	0	9	30	0	0	0	0	0	0
input/ontoserver/JDV/JDV_J46_TypeEvenementNotification_CISIS_JDV-J46-TypeEvenementNotification-CISIS.json	2950	2	0	0	1	0	0	0	0	3	0	0	0	0	0	0	0	0	0	0	15	52	0	0	0	0	0	0
input/ontoserver/JDV/JDV_J47_FunctionCode_CISIS_JDV-J47-FunctionCode-CISIS.json	1964	1	0	0	0	0	0	0	0	3	0	0	0	0	0	0	0	0	0	0	15	41	0	0	0	1	0	0
input/ontoserver/JDV/JDV_J48_ProfessionNonPS_CISIS_JDV-J48-ProfessionNonPS-CISIS.json	4775	2	0	0	0	0	0	0	0	4	0	0	0	0	0	0	0	0	0	0	26	28	0	0	0	1	0	0
input/ontoserver/JDV/JDV_J49_UcumUniteLongueur_JDV-J49-UcumUniteLongueur.json	1038	2	0	0	0	0	0	0	0	80	0	0	0	0	0	0	0	0	0	0	9	117	0	0	0	0	0	0
input/ontoserver/JDV/JDV_J50_AccessibiliteLieu_ROR_JDV-J50-AccessibiliteLieu-ROR.json	1329	1	0	0	0	0	0	0	0	3	0	0	0	0	0	0	0	0	0	0	10	33	0	0	0	0	0	0
input/ontoserver/JDV/JDV_J51_FamilleActiviteOperationnelle_ROR_JDV-J51-FamilleActiviteOperationnelle-ROR.json	4148	2	0	0	0	0	0	0	0	272	0	0	0	0	0	0	0	0	0	0	16	364	0	0	0	1	0	0
input/ontoserver/JDV/JDV_J52_AvailabilityStatus_CISIS_JDV-J52-AvailabilityStatus-CISIS.json	1593	2	0	0	0	0	0	0	0	3	0	0	0	0	0	0	0	0	0	0	12	32	0	0	0	0	0	0
input/ontoserver/JDV/JDV_J53_TypeRequeteGestionDossier_CISIS_JDV-J53-TypeRequeteGestionDossier-CISIS.json	1499	1	0	0	0	0	0	0	0	3	0	0	0	0	0	0	0	0	0	0	10	33	0	0	0	1	0	0
input/ontoserver/JDV/JDV_J54_Profession_ROR_JDV-J54-Profession-ROR.json	4535	2	0	0	0	0	0	0	0	4	0	0	0	0	0	0	0	0	0	0	24	103	0	0	0	0	0	0
input/ontoserver/JDV/JDV_J55_CategorieEG_ROR_JDV-J55-CategorieEG-ROR.json	15606	2	0	0	0	0	0	0	1	9	0	0	0	0	0	0	0	1	0	0	64	274	0	0	0	3	0	0
input/ontoserver/JDV/JDV_J56_AuthorSpecialty_DMP_JDV-J56-AuthorSpecialty-DMP.json	33607	3	0	0	1	0	0	0	1	15	0	0	0	0	0	0	0	0	0	0	127	537	0	0	0	6	0	1
input/ontoserver/JDV/JDV_J57_ClassCode_DMP_JDV-J57-ClassCode-DMP.json	1799	2	0	0	0	0	0	0	0	3	0	0	0	0	0	0	0	0	0	0	12	39	0	0	0	0	0	0
input/ontoserver/JDV/JDV_J58_ConfidentialityCode_DMP_JDV-J58-ConfidentialityCode-DMP.json	1596	2	0	0	0	0	0	0	0	3	0	0	0	0	0	0	0	0	0	0	12	32	0	0	0	0	0	0
input/ontoserver/JDV/JDV_J59_ContentTypeCode_DMP_JDV-J59-ContentTypeCode-DMP.json	8660	2	0	0	0	0	0	0	0	5	0	0	0	0	0	0	0	0	0	0	43	159	0	0	0	2	0	0
input/ontoserver/JDV/JDV_J60_FormatCode_DMP_JDV-J60-FormatCode-DMP.json	7881	4	0	0	0	0	0	0	0	8	0	0	0	0	0	0	0	0	0	0	36	115	0	0	0	1	0	0
input/ontoserver/JDV/JDV_J61_HealthcareFacilityTypeCode_DMP_JDV-J61-HealthcareFacilityTypeCode-DMP.json	6231	3	0	0	0	0	0	0	1	7	0	0	0	0	0	0	0	0	0	0	30	121	0	0	0	1	0	0
input/ontoserver/JDV/JDV_J62_PracticeSettingCode_DMP_JDV-J62-PracticeSettingCode-DMP.json	1825	2	0	0	0	0	0	0	0	4	0	0	0	0	0	0	0	0	0	0	12	40	0	0	0	0	0	0
input/ontoserver/JDV/JDV_J64_RestrictionAudienceVIHF_DMP_JDV-J64-RestrictionAudienceVIHF-DMP.json	1204	3	0	0	1	0	0	0	0	4	0	0	0	0	0	0	0	0	0	0	9	26	0	0	0	0	0	0
input/ontoserver/JDV/JDV_J65_SubjectRole_DMP_JDV-J65-SubjectRole-DMP.json	32498	6	0	0	0	0	0	0	1	22	0	0	0	0	0	0	0	1	0	0	135	594	0	0	0	6	0	0
input/ontoserver/JDV/JDV_J66_TypeCode_DMP_JDV-J66-TypeCode-DMP.json	9078	3	0	0	0	0	0	0	0	124	0	0	0	0	0	0	0	0	0	0	37	287	0	0	0	2	0	0
input/ontoserver/JDV/JDV_J67_TraitementDocument_CISIS_JDV-J67-TraitementDocument-CISIS.json	1119	2	0	0	0	0	0	0	0	3	0	0	0	0	0	0	0	0	0	0	10	26	0	0	0	0	0	0
input/ontoserver/JDV/JDV_J68_ProfilAccesReferentiel_ROR_JDV-J68-ProfilAccesReferentiel-ROR.json	1853	3	0	0	0	0	0	0	0	3	0	0	0	0	0	0	0	0	0	0	11	39	0	0	0	0	0	0
input/ontoserver/JDV/JDV_J69_ActiviteOperationnelle_Santefr_JDV-J69-ActiviteOperationnelle-Santefr.json	39892	3	0	0	0	0	0	0	1	1	0	0	0	0	0	0	0	0	0	0	51	59	0	0	0	3	0	0
input/ontoserver/JDV/JDV_J70_Equipement_Santefr_JDV-J70-Equipement-Santefr.json	11115	3	0	0	1	0	0	0	1	0	0	0	0	0	0	0	0	0	0	0	19	32	0	0	0	0	0	0
input/ontoserver/JDV/JDV_J71_ProfessionFonction_MSSante_JDV-J71-ProfessionFonction-MSSante.json	4124	2	0	0	0	0	0	0	0	4	0	0	0	0	0	0	0	1	0	0	24	92	0	0	0	1	0	0
input/ontoserver/JDV/JDV_J72_TypeProfessionFonction_MSSante_JDV-J72-TypeProfessionFonction-MSSante.json	1242	1	0	0	0	0	0	0	0	4	0	0	0	0	0	0	0	0	0	0	9	29	0	0	0	0	0	0
input/ontoserver/JDV/JDV_J73_MetierPharmacien_RASS_JDV-J73-MetierPharmacien-RASS.json	2333	2	0	0	0	0	0	0	0	5	0	0	0	0	0	0	0	0	0	0	14	44	0	0	0	1	0	0
input/ontoserver/JDV/JDV_J74_Pays_RASS_JDV-J74-Pays-RASS.json	14153	2	0	0	0	0	0	0	1	6	0	0	0	0	0	0	0	0	0	0	53	35	0	0	0	2	0	1
input/ontoserver/JDV/JDV_J75_TypeAutorisation_RASS_JDV-J75-TypeAutorisation-RASS.json	4830	2	0	0	0	0	0	0	0	3	0	0	0	0	0	0	0	0	0	0	25	80	0	0	0	0	0	0
input/ontoserver/JDV/JDV_J76_DisciplineAutorisation_RASS_JDV-J76-DisciplineAutorisation-RASS.json	3689	2	0	0	0	0	0	0	0	4	0	0	0	0	0	0	0	0	0	0	19	69	0	0	0	1	0	0
input/ontoserver/JDV/JDV_J77_TypeIdentifiantPersonne_RASS_JDV-J77-TypeIdentifiantPersonne-RASS.json	1534	2	0	0	0	0	0	0	0	3	0	0	0	0	0	0	0	0	0	0	11	36	0	0	0	0	0	0
input/ontoserver/JDV/JDV_J78_Civilite_RASS_JDV-J78-Civilite-RASS.json	1117	1	0	0	0	0	0	0	0	4	0	0	0	0	0	0	0	0	0	0	9	29	0	0	0	0	0	0
input/ontoserver/JDV/JDV_J79_CiviliteExercice_RASS_JDV-J79-CiviliteExercice-RASS.json	1343	2	0	0	1	0	0	0	0	4	0	0	0	0	0	0	0	0	0	0	9	36	0	0	0	1	0	0
input/ontoserver/JDV/JDV_J80_Sexe_RASS_JDV-J80-Sexe-RASS.json	1148	1	0	0	0	0	0	0	0	4	0	0	0	0	0	0	0	0	0	0	9	29	0	0	0	0	0	0
input/ontoserver/JDV/JDV_J81_TypeDiplome_RASS_JDV-J81-TypeDiplome-RASS.json	2083	2	0	0	0	0	0	0	0	4	0	0	0	0	0	0	0	0	0	0	11	41	0	0	0	0	0	0
input/ontoserver/JDV/JDV_J82_Langue_RASS_JDV-J82-Langue-RASS.json	8991	2	0	0	0	0	0	0	1	11	0	0	0	0	0	0	0	0	0	0	41	229	0	0	0	2	0	0
input/ontoserver/JDV/JDV_J83_AutoriteEnregistrement_RASS_JDV-J83-AutoriteEnregistrement-RASS.json	2799	2	0	0	0	0	0	0	0	5	0	0	0	0	0	0	0	0	0	0	17	63	0	0	0	0	0	0
input/ontoserver/JDV/JDV_J84_DepartementOM_RASS_JDV-J84-DepartementOM-RASS.json	5659	2	0	0	0	0	0	0	0	8	0	0	0	0	0	0	0	0	0	0	29	29	0	1	0	1	0	0
input/ontoserver/JDV/JDV_J85_StatutInscription_RASS_JDV-J85-StatutInscription-RASS.json	1268	2	0	0	0	0	0	0	0	4	0	0	0	0	0	0	0	0	0	0	10	31	0	0	0	0	0	0
input/ontoserver/JDV/JDV_J86_NatCycleForm_RASS_JDV-J86-NatCycleForm-RASS.json	1197	1	0	0	0	0	0	0	0	4	0	0	0	0	0	0	0	0	0	0	9	30	0	0	0	0	0	0
input/ontoserver/JDV/JDV_J87_NiveauFormAcquis_RASS_JDV-J87-NiveauFormAcquis-RASS.json	2118	2	0	0	0	0	0	0	0	4	0	0	0	0	0	0	0	0	0	0	13	43	0	0	0	1	0	0
input/ontoserver/JDV/JDV_J88_AnneeUniversitaire_RASS_JDV-J88-AnneeUniversitaire-RASS.json	1901	2	0	0	0	0	0	0	0	5	0	0	0	0	0	0	0	0	0	0	12	46	0	0	0	0	0	0
input/ontoserver/JDV/JDV_J89_CategorieProfessionnelle_RASS_JDV-J89-CategorieProfessionnelle-RASS.json	1287	2	0	0	1	0	0	0	0	4	0	0	0	0	0	0	0	0	0	0	10	31	0	0	0	0	0	0
input/ontoserver/JDV/JDV_J90_AttributionParticuliere_RASS_JDV-J90-AttributionParticuliere-RASS.json	1905	1	0	0	0	0	0	0	0	4	0	0	0	0	0	0	0	0	0	0	11	37	0	0	0	0	0	0
input/ontoserver/JDV/JDV_J91_TypeSavoirFaire_RASS_JDV-J91-TypeSavoirFaire-RASS.json	1771	2	0	0	0	0	0	0	1	4	0	0	0	0	0	0	0	0	0	0	11	37	0	0	0	1	0	0
input/ontoserver/JDV/JDV_J92_MotifFinActivite_RASS_JDV-J92-MotifFinActivite-RASS.json	1548	2	0	0	0	0	0	0	0	4	0	0	0	0	0	0	0	0	0	0	10	36	0	0	0	0	0	0
input/ontoserver/JDV/JDV_J93_RegionOM_RASS_JDV-J93-RegionOM-RASS.json	2322	2	0	0	0	0	0	0	0	5	0	0	0	0	0	0	0	0	0	0	14	26	0	0	0	0	0	0
input/ontoserver/JDV/JDV_J94_GenreActivite_RASS_JDV-J94-GenreActivite-RASS.json	2458	2	0	0	0	0	0	0	0	4	0	0	0	0	0	0	0	0	0	0	13	42	0	0	0	1	0	0
input/ontoserver/JDV/JDV_J95_ModeExercice_RASS_JDV-J95-ModeExercice-RASS.json	1191	1	0	0	0	0	0	0	0	4	0	0	0	0	0	0	0	0	0	0	9	29	0	0	0	0	0	0
input/ontoserver/JDV/JDV_J96_TypeActiviteLiberale_RASS_JDV-J96-TypeActiviteLiberale-RASS.json	1451	2	0	0	0	0	0	0	0	5	0	0	0	0	0	0	0	0	0	0	10	33	0	0	0	0	0	0
input/ontoserver/JDV/JDV_J97_StatutProfessionnelSSA_RASS_JDV-J97-StatutProfessionnelSSA-RASS.json	1351	2	0	0	1	0	0	0	0	4	0	0	0	0	0	0	0	0	0	0	9	29	0	0	0	0	0	0
input/ontoserver/JDV/JDV_J98_StatutHospitalier_RASS_JDV-J98-StatutHospitalier-RASS.json	3061	2	0	0	0	0	0	0	0	4	0	0	0	0	0	0	0	0	0	0	15	46	0	0	0	1	0	0
input/ontoserver/JDV/JDV_J99_InseeNAFrav2Niveau5_RASS_JDV-J99-InseeNAFrav2Niveau5-RASS.json	61645	6	0	0	0	0	0	0	2	34	0	0	0	0	0	0	0	1	0	0	221	869	0	0	0	11	0	1
input/ontoserver/JDV/ValueSet_ATC_All_vs-atc-all.json	914	2	0	0	0	0	0	0	0	1	0	0	0	0	0	0	0	0	0	0	7	1540	0	0	0	1	0	0
input/ontoserver/JDV/ValueSet_BDPM_All_vs-bdpm-all.json	856	2	0	0	0	0	0	0	0	0	0	0	0	0	0	0	0	0	0	0	7	1566	0	0	0	0	0	0
input/ontoserver/JDV/ValueSet_CIPUCD_All_vs-cipucd-all.json	936	2	0	0	0	0	0	0	0	0	0	0	0	0	0	0	0	0	0	0	7	490	0	0	0	0	0	0
input/ontoserver/JDV/ValueSet_EDQM_All_vs-edqm-all.json	818	1	0	0	0	0	0	0	0	0	0	0	0	0	0	0	0	0	0	0	7	1414	0	0	0	0	0	0
input/ontoserver/JDV/ValueSet_NUVA_All_vs-nuva-all.json	918	2	0	0	0	0	0	0	0	1	0	0	0	0	0	0	0	0	0	0	6	1812	0	0	0	0	0	0
input/ontoserver/JDV/ValueSet_SMS_All_vs-sms-all.json	894	2	0	0	1	0	0	0	0	0	0	0	0	0	0	0	0	0	0	0	7	1313	0	0	0	0	0	0
input/ontoserver/NamingSystem/LOINC.json	683	1	8	0	0	0	0	0	0	18	598	0	0	0	0	0	0	0	0	0	9	9	0	0	0	1	0	0
input/ontoserver/NamingSystem/Snomed_CT_core_900000000000207008.json	577	2	2	0	0	0	0	0	0	3	11	0	0	0	0	0	0	0	0	0	8	6	0	0	0	0	0	0
input/ontoserver/TRE/ATC_terminologie-atc.json	2404	2	0	0	0	0	0	0	0	5	0	0	0	0	0	0	0	0	0	0	12	35	0	0	0	0	0	0
input/ontoserver/TRE/BDPM_terminologie-bdpm.json	4537	2	0	0	0	0	0	0	0	4	0	0	1	0	0	0	0	0	0	0	18	29	0	0	0	1	0	0
input/ontoserver/TRE/CCAM_terminologie-ccam.json	4399	3	0	0	0	0	0	0	0	4	0	0	0	0	0	0	0	0	0	1	18	30	0	0	0	1	0	0
input/ontoserver/TRE/CIM11_MMS_terminologie-cim11-mms.json	3658	2	0	0	0	0	0	0	1	3	0	0	0	0	0	0	0	0	0	0	16	28	0	0	0	0	0	0
input/ontoserver/TRE/CIM_10_FR_PMSI_terminologie-cim-10.json	2865	2	0	0	0	0	0	0	0	4	0	0	1	0	0	0	0	0	0	0	13	27	0	0	0	1	0	0
input/ontoserver/TRE/CISP_2_terminologie-cisp.json	3732229	231	0	0	0	0	0	0	165	0	0	0	1	0	0	0	0	32	0	0	4629	2229	0	0	0	236	0	37
input/ontoserver/TRE/ClaDiMed_terminologie-cladimed.json	1973	2	0	0	0	0	0	0	0	3	0	0	1	0	0	0	0	0	0	0	12	25	0	0	0	1	0	0
input/ontoserver/TRE/Dictionnaire_SMS_Substance_Management_Services__terminologie-sms.json	2929	2	0	0	0	0	0	0	0	3	0	0	0	0	0	0	0	0	0	0	13	26	0	0	0	0	0	0
input/ontoserver/TRE/EMDN_terminologie-emdn.json	1852	1	0	0	0	0	0	0	0	3	0	0	1	0	0	0	0	0	0	0	11	26	0	0	0	1	0	0
input/ontoserver/TRE/LAHN_terminologie-lahn.json	310927	34	0	0	1	0	0	0	12	0	0	0	0	0	0	0	0	3	0	0	398	217	0	0	0	18	0	2
input/ontoserver/TRE/NABM_terminologie-nabm.json	888630	94	0	0	1	0	0	0	46	0	0	0	1	0	0	0	0	12	0	0	1145	800	0	0	0	44	0	11
input/ontoserver/TRE/NUVA_terminologie-nuva.json	6392403	422	0	0	0	0	0	0	303	1	0	0	1	0	0	0	0	23	0	0	6844	3584	0	0	0	340	0	33
input/ontoserver/TRE/SERAFIN_PH_terminologie-SERAFINPH.json	253030	7	0	0	0	0	0	0	2	0	0	0	1	0	0	0	0	1	0	0	270	60	0	0	0	17	0	0
input/ontoserver/TRE/SNOMED_CT_11000315107-20240621.json	4568	2	0	0	1	0	0	0	0	4	0	0	0	0	0	0	0	0	0	0	21	57	0	0	0	1	0	0
input/ontoserver/TRE/SNOMED_CT_900000000000207008-20250401.json	4602	2	0	0	0	0	0	0	0	4	0	0	0	0	0	0	0	0	0	0	23	56	0	0	0	1	0	0
input/ontoserver/TRE/ServiceType_service-type.json	135501	9	0	0	0	0	0	0	2	2	0	0	1	0	0	0	0	0	0	0	172	83	0	0	0	12	0	1
input/ontoserver/TRE/Standard_terms_EDQM_terminologie-standardterms.json	1820242	113	0	0	0	0	0	0	69	0	0	0	1	0	0	0	0	8	0	0	2478	1570	0	0	0	122	0	13
input/ontoserver/TRE/TRE_A00_ProducteurDocNonPS_TRE-A00-ProducteurDocNonPS.json	3538	2	0	0	1	0	0	0	0	5	0	0	0	0	0	0	0	0	0	0	36	26	0	0	0	1	0	0
input/ontoserver/TRE/TRE_A01_CadreExercice_TRE-A01-CadreExercice.json	3744	2	0	0	0	0	0	0	0	4	0	0	0	0	0	0	0	0	0	0	15	27	0	0	0	0	0	0
input/ontoserver/TRE/TRE_A02_ProfessionSavFaire_CISIS_TRE-A02-ProfessionSavFaire-CISIS.json	98777	7	0	0	0	0	0	0	3	42	0	0	1	0	0	0	0	1	1	0	235	79	0	0	0	9	0	1
input/ontoserver/TRE/TRE_A03_ClasseDocument_TRE-A03-ClasseDocument.json	3975	2	0	0	0	0	0	0	1	4	0	0	0	0	0	0	0	0	0	0	16	26	0	0	0	1	0	0
input/ontoserver/TRE/TRE_A05_TypeDocComplementaire_TRE-A05-TypeDocComplementaire.json	16203	2	0	0	0	0	0	0	0	7	0	0	0	0	0	0	0	0	0	0	41	31	0	0	0	1	0	0
input/ontoserver/TRE/TRE_A06_FormatCodeComplementaire_TRE-A06-FormatCodeComplementaire.json	27255	3	0	0	0	0	0	0	1	13	0	0	1	0	0	0	0	0	0	0	64	36	0	0	0	2	0	0
input/ontoserver/TRE/TRE_A07_StatutVisibiliteDocument_TRE-A07-StatutVisibiliteDocument.json	3895	2	0	0	1	0	0	0	0	6	0	0	0	0	0	0	0	0	0	0	15	25	0	0	0	1	0	0
input/ontoserver/TRE/TRE_A08_HL7Confidentiality_TRE-A08-HL7Confidentiality.json	2189	3	0	0	0	0	0	0	0	3	0	0	0	0	0	0	0	0	0	0	11	25	0	0	0	0	0	0
input/ontoserver/TRE/TRE_A09_DICOMuidRegistry_TRE-A09-DICOMuidRegistry.json	2186	1	0	0	0	0	0	0	0	3	0	0	0	0	0	0	0	0	0	0	11	24	0	0	0	0	0	0
input/ontoserver/TRE/TRE_A10_NomenclatureURN_TRE-A10-NomenclatureURN.json	1748	2	0	0	0	0	0	0	0	3	0	0	0	0	0	0	0	0	0	0	11	24	0	0	0	1	0	0
input/ontoserver/TRE/TRE_A11_IheFormatCode_TRE-A11-IheFormatCode.json	18213	3	0	0	0	0	0	0	1	10	0	0	1	0	0	0	0	0	0	0	46	32	0	0	0	1	0	0
input/ontoserver/TRE/TRE_A12_NomenclatureASTM_TRE-A12-NomenclatureASTM.json	1417	1	0	0	0	0	0	0	0	4	0	0	0	0	0	0	0	0	0	0	10	24	0	0	0	0	0	0
input/ontoserver/TRE/TRE_A13_HL7ParticipationType_TRE-A13-HL7ParticipationType.json	15164	3	0	0	0	0	0	0	0	10	0	0	0	0	0	0	0	1	0	0	41	32	0	0	0	2	0	1
input/ontoserver/TRE/TRE_G00_Langue_TRE-G00-Langue.json	39573	4	0	0	0	0	0	0	2	19	0	0	0	0	0	0	0	0	0	0	98	49	0	0	0	4	0	0
input/ontoserver/TRE/TRE_G01_CategorieProduit_TRE-G01-CategorieProduit.json	3322	2	0	0	0	0	0	0	0	5	0	0	1	0	0	0	0	0	0	0	13	25	0	0	0	0	0	0
input/ontoserver/TRE/TRE_G02_TypeProduit_TRE-G02-TypeProduit.json	2645	2	0	0	1	0	0	0	0	5	0	0	0	0	0	0	0	0	0	0	13	24	0	0	0	1	0	0
input/ontoserver/TRE/TRE_G03_CiviliteCPx_TRE-G03-CiviliteCPx.json	2225	2	0	0	0	0	0	0	0	5	0	0	0	0	0	0	0	0	0	0	11	24	0	0	0	0	0	0
input/ontoserver/TRE/TRE_G04_NiveauResponsabiliteCPx_TRE-G04-NiveauResponsabiliteCPx.json	2050	2	0	0	0	0	0	0	0	5	0	0	0	0	0	0	0	0	0	0	12	24	0	0	0	0	0	0
input/ontoserver/TRE/TRE_G05_SousSectionTableauCNOP_TRE-G05-SousSectionTableauCNOP.json	6883	2	0	0	0	0	0	0	1	6	0	0	1	0	0	0	0	0	0	0	21	28	0	0	0	1	0	0
input/ontoserver/TRE/TRE_G07_TypeIdentifiantStructure_TRE-G07-TypeIdentifiantStructure.json	3862	1	0	0	0	0	0	0	0	5	0	0	0	0	0	0	0	0	0	0	16	25	0	0	0	0	0	0
input/ontoserver/TRE/TRE_G08_TypeIdentifiantPersonne_TRE-G08-TypeIdentifiantPersonne.json	5461	2	0	0	2	0	0	0	0	7	0	0	0	0	0	0	0	0	0	0	19	26	0	0	0	1	0	0
input/ontoserver/TRE/TRE_G09_DepartementOM_TRE-G09-DepartementOM.json	46907	5	0	0	0	0	0	0	2	17	0	0	0	0	0	0	0	0	0	0	92	48	0	0	0	3	0	1
input/ontoserver/TRE/TRE_G100_Specialite_AM_TRE-G100-Specialite-AM.json	22915	3	0	0	0	0	0	0	1	8	0	0	1	0	0	0	0	1	0	0	126	42	0	0	0	2	0	0
input/ontoserver/TRE/TRE_G11_NatureQualificationADELI_TRE-G11-NatureQualificationADELI.json	4612	2	0	0	0	0	0	0	0	4	0	0	0	0	0	0	0	0	0	0	16	26	0	0	0	0	0	0
input/ontoserver/TRE/TRE_G12_SpecialiteADELI_TRE-G12-SpecialiteADELI.json	51188	5	0	0	0	0	0	0	1	12	0	0	0	0	0	0	0	0	0	0	108	48	0	0	0	4	0	0
input/ontoserver/TRE/TRE_G13_OrientationParticuliere_TRE-G13-OrientationParticuliere.json	1643	2	0	0	0	0	0	0	1	3	0	0	0	0	0	0	0	0	0	0	11	24	0	0	0	1	0	0
input/ontoserver/TRE/TRE_G15_ProfessionSante_TRE-G15-ProfessionSante.json	11288	2	0	0	0	0	0	0	0	6	0	0	1	0	0	0	0	0	0	0	32	30	0	0	0	1	0	0
input/ontoserver/TRE/TRE_G16_ProfessionFormation_TRE-G16-ProfessionFormation.json	2229	2	0	0	1	0	0	0	0	3	0	0	0	0	0	0	0	0	0	0	12	28	0	0	0	0	0	0
input/ontoserver/TRE/TRE_G17_ModeExerciceCPx_TRE-G17-ModeExerciceCPx.json	2216	1	0	0	0	0	0	0	0	3	0	0	0	0	0	0	0	0	0	0	12	27	0	0	0	0	0	0
input/ontoserver/TRE/TRE_G18_AttributionParticuliereADELI_TRE-G18-AttributionParticuliereADELI.json	4582	2	0	0	0	0	0	0	0	4	0	0	0	0	0	0	0	0	0	0	17	26	0	0	0	1	0	0
input/ontoserver/TRE/TRE_G19_SecteurActiviteADELI_TRE-G19-SecteurActiviteADELI.json	25141	3	0	0	0	0	0	0	1	8	0	0	0	0	0	0	0	0	0	0	58	35	0	0	0	1	0	1
input/ontoserver/TRE/TRE_G20_Specialisation_TRE-G20-Specialisation.json	4439	2	0	0	0	0	0	0	0	3	0	0	1	0	0	0	0	0	0	0	17	26	0	0	0	1	0	0
input/ontoserver/TRE/TRE_R01_EnsembleSavoirFaire_CISIS_TRE-R01-EnsembleSavoirFaire-CISIS.json	132111	10	0	0	0	0	0	0	5	29	0	0	0	0	0	0	0	1	0	0	271	89	0	0	0	10	0	1
input/ontoserver/TRE/TRE_R02_SecteurActivite_TRE-R02-SecteurActivite.json	26465	3	0	0	1	0	0	0	1	9	0	0	0	0	0	0	0	0	0	0	61	40	0	0	0	2	0	0
input/ontoserver/TRE/TRE_R03_AttributionParticuliere_TRE-R03-AttributionParticuliere.json	4149	2	0	0	0	0	0	0	0	4	0	0	0	0	0	0	0	0	0	0	16	26	0	0	0	1	0	0
input/ontoserver/TRE/TRE_R04_TypeSavoirFaire_TRE-R04-TypeSavoirFaire.json	4416	2	0	0	0	0	0	0	0	3	0	0	0	0	0	0	0	0	0	0	16	25	0	0	0	0	0	0
input/ontoserver/TRE/TRE_R06_SectionTableauCNOP_TRE-R06-SectionTableauCNOP.json	3741	2	0	0	0	0	0	0	0	3	0	0	1	0	0	0	0	0	0	0	15	25	0	0	0	1	0	0
input/ontoserver/TRE/TRE_R09_CategorieProfessionnelle_TRE-R09-CategorieProfessionnelle.json	2200	2	0	0	0	0	0	0	0	5	0	0	0	0	0	0	0	0	0	0	11	25	0	0	0	0	0	0
input/ontoserver/TRE/TRE_R10_SexeAdministratif_TRE-R10-SexeAdministratif.json	1599	2	0	0	0	0	0	0	0	4	0	0	0	0	0	0	0	0	0	0	10	23	0	0	0	0	0	0
input/ontoserver/TRE/TRE_R11_CiviliteExercice_TRE-R11-CiviliteExercice.json	2418	1	0	0	0	0	0	0	0	5	0	0	0	0	0	0	0	0	0	0	13	25	0	0	0	1	0	0
input/ontoserver/TRE/TRE_R13_CommuneOM_TRE-R13-CommuneOM.json	1143	2	0	0	0	0	0	0	0	4	0	0	1	0	0	0	0	0	0	0	9	24	0	0	0	0	0	0
input/ontoserver/TRE/TRE_R14_TypeDiplome_TRE-R14-TypeDiplome.json	6300	2	0	0	0	0	0	0	0	5	0	0	0	0	0	0	0	0	0	0	19	27	0	0	0	0	0	0
input/ontoserver/TRE/TRE_R16_LieuFormation_TRE-R16-LieuFormation.json	437829	34	0	0	1	0	0	0	16	156	0	0	0	0	0	0	0	3	0	0	907	328	0	0	0	42	0	4
input/ontoserver/TRE/TRE_R17_TypeAutorisation_TRE-R17-TypeAutorisation.json	24575	3	0	0	0	0	0	0	1	10	0	0	1	0	0	0	0	0	0	0	54	33	0	0	0	2	0	0
input/ontoserver/TRE/TRE_R18_DisciplineAutorisation_TRE-R18-DisciplineAutorisation.json	12231	2	0	0	0	0	0	0	0	6	0	0	0	0	0	0	0	0	0	0	34	30	0	0	0	1	0	0
input/ontoserver/TRE/TRE_R200_CanalCommunication_TRE-R200-CanalCommunication.json	4393	2	0	0	0	0	0	0	1	3	0	0	0	0	0	0	0	0	0	0	16	26	0	0	0	1	0	0
input/ontoserver/TRE/TRE_R201_TypeDivisionTerritoriale_TRE-R201-TypeDivisionTerritoriale.json	2425	2	0	0	1	0	0	0	0	3	0	0	0	0	0	0	0	0	0	0	12	24	0	0	0	0	0	0
input/ontoserver/TRE/TRE_R202_AccessibiliteLieu_TRE-R202-AccessibiliteLieu.json	2953	2	0	0	0	0	0	0	0	4	0	0	0	0	0	0	0	0	0	0	13	25	0	0	0	0	0	0
input/ontoserver/TRE/TRE_R203_StatutLieu_TRE-R203-StatutLieu.json	2191	2	0	0	0	0	0	0	0	3	0	0	1	0	0	0	0	0	0	0	12	25	0	0	0	0	0	0
input/ontoserver/TRE/TRE_R204_DirectionLongitude_TRE-R204-DirectionLongitude.json	1879	2	0	0	0	0	0	0	0	2	0	0	0	0	0	0	0	0	0	0	11	24	0	0	0	1	0	0
input/ontoserver/TRE/TRE_R205_DirectionLatitude_TRE-R205-DirectionLatitude.json	1873	1	0	0	0	0	0	0	0	3	0	0	0	0	0	0	0	0	0	0	11	24	0	0	0	0	0	0
input/ontoserver/TRE/TRE_R206_TypeContact_TRE-R206-TypeContact.json	2182	2	0	0	0	0	0	0	0	3	0	0	0	0	0	0	0	0	0	0	12	25	0	0	0	0	0	0
input/ontoserver/TRE/TRE_R207_TypeOrganisationInterne_TRE-R207-TypeOrganisationInterne.json	2328	2	0	0	0	0	0	0	0	3	0	0	0	0	0	0	0	0	0	0	12	25	0	0	0	1	0	0
input/ontoserver/TRE/TRE_R208_ClasseAge_TRE-R208-ClasseAge.json	3866	2	0	0	0	0	0	0	0	4	0	0	1	0	0	0	0	0	0	0	15	25	0	0	0	0	0	0
input/ontoserver/TRE/TRE_R209_TypeActivite_TRE-R209-TypeActivite.json	20446	3	0	0	0	0	0	0	1	6	0	0	0	0	0	0	0	1	0	0	47	34	0	0	0	2	0	1
input/ontoserver/TRE/TRE_R20_Pays_TRE-R20-Pays.json	93568	108	0	0	1	0	0	0	4	22	0	0	0	0	0	0	0	0	0	0	190	77	0	0	0	9	0	1
input/ontoserver/TRE/TRE_R210_ActeSpecifique_TRE-R210-ActeSpecifique.json	581357	40	0	0	0	0	0	0	18	254	0	0	1	0	0	0	0	4	0	0	1186	553	0	0	0	57	0	4
input/ontoserver/TRE/TRE_R211_ActiviteOperationnelle_TRE-R211-ActiviteOperationnelle.json	227332	14	0	0	1	0	0	0	8	82	0	0	0	0	0	0	0	1	0	0	514	168	0	0	0	24	0	2
input/ontoserver/TRE/TRE_R212_Equipement_TRE-R212-Equipement.json	79727	7	0	0	0	0	0	0	3	32	0	0	1	0	0	0	0	0	0	0	185	72	0	0	0	8	0	1
input/ontoserver/TRE/TRE_R213_ModePriseEnCharge_TRE-R213-ModePriseEnCharge.json	21689	3	0	0	0	0	0	0	0	7	0	0	0	0	0	0	0	0	0	0	53	33	0	0	0	2	0	0
input/ontoserver/TRE/TRE_R214_SpecialiteUnite_TRE-R214-SpecialiteUnite.json	21415	3	0	0	0	0	0	0	1	6	0	0	0	0	0	0	0	1	0	0	52	35	0	0	0	2	0	0
input/ontoserver/TRE/TRE_R215_UniteTemps_TRE-R215-UniteTemps.json	3014	2	0	0	0	0	0	0	0	3	0	0	0	0	0	0	0	0	0	0	13	26	0	0	0	0	0	0
input/ontoserver/TRE/TRE_R216_HL7RoleCode_TRE-R216-HL7RoleCode.json	29063	3	0	0	0	0	0	0	1	8	0	0	0	0	0	0	0	0	0	0	72	41	0	0	0	3	0	1
input/ontoserver/TRE/TRE_R217_ProtectionJuridique_TRE-R217-ProtectionJuridique.json	1831	2	0	0	1	0	0	0	0	3	0	0	1	0	0	0	0	0	0	0	12	31	0	0	0	0	0	0
input/ontoserver/TRE/TRE_R218_ModeAuthentification_TRE-R218-ModeAuthentification.json	1896	3	0	0	0	0	0	0	0	2	0	0	0	0	0	0	0	0	0	0	12	25	0	0	0	0	0	0
input/ontoserver/TRE/TRE_R219_AutreResponsableConsent_TRE-R219-AutreResponsableConsent.json	1457	3	0	0	0	0	0	0	1	3	0	0	0	0	0	0	0	0	0	0	10	27	0	0	0	0	0	0
input/ontoserver/TRE/TRE_R21_Fonction_TRE-R21-Fonction.json	17492	4	0	0	0	0	0	0	0	5	0	0	0	0	0	0	0	0	0	0	44	37	0	0	0	2	0	0
input/ontoserver/TRE/TRE_R220_ModeleDocumentCDAStructure_TRE-R220-ModeleDocumentCDAStructure.json	36842	6	0	0	0	0	0	0	2	9	0	0	0	0	0	0	0	0	0	0	84	42	0	0	0	3	0	0
input/ontoserver/TRE/TRE_R221_ModeleDocumentCDANonStructure_TRE-R221-ModeleDocumentCDANonStructure.json	1712	1	0	0	0	0	0	0	0	6	0	0	1	0	0	0	0	0	0	0	11	24	0	0	0	1	0	0
input/ontoserver/TRE/TRE_R222_MediaTypeCorpsCDANonStructure_TRE-R222-MediaTypeCorpsCDANonStructure.json	3268	2	0	0	0	0	0	0	0	3	0	0	0	0	0	0	0	0	0	0	13	25	0	0	0	0	0	0
input/ontoserver/TRE/TRE_R223_NatCycleForm_TRE-R223-NatCycleForm.json	1852	2	0	0	0	0	0	0	0	4	0	0	0	0	0	0	0	0	0	0	11	24	0	0	0	0	0	0
input/ontoserver/TRE/TRE_R224_NiveauFormAcquis_TRE-R224-NiveauFormAcquis.json	6810	2	0	0	0	0	0	0	1	3	0	0	0	0	0	0	0	0	0	0	20	27	0	0	0	1	0	0
input/ontoserver/TRE/TRE_R225_AnneeUniversitaire_TRE-R225-AnneeUniversitaire.json	8002	2	0	0	1	0	0	0	0	4	0	0	1	0	0	0	0	0	0	0	23	26	0	0	0	0	0	0
input/ontoserver/TRE/TRE_R226_Dip2iemeCycleNQ_TRE-R226-Dip2iemeCycleNQ.json	2357	1	0	0	0	0	0	0	0	3	0	0	0	0	0	0	0	0	0	0	11	25	0	0	0	1	0	0
input/ontoserver/TRE/TRE_R227_ChampActivite_TRE-R227-ChampActivite.json	2939	2	0	0	0	0	0	0	1	3	0	0	0	0	0	0	0	0	0	0	12	25	0	0	0	0	0	0
input/ontoserver/TRE/TRE_R228_UnitePrix_TRE-R228-UnitePrix.json	1969	2	0	0	0	0	0	0	0	3	0	0	0	0	0	0	0	0	0	0	11	24	0	0	0	0	0	0
input/ontoserver/TRE/TRE_R22_GenreActivite_TRE-R22-GenreActivite.json	8846	2	0	0	0	0	0	0	0	6	0	0	1	0	0	0	0	0	0	0	23	27	0	0	0	1	0	0
input/ontoserver/TRE/TRE_R230_Devise_TRE-R230-Devise.json	1355	1	0	0	0	0	0	0	0	3	0	0	0	0	0	0	0	0	0	0	10	25	0	0	0	0	0	0
input/ontoserver/TRE/TRE_R231_PalierAuthentification_TRE-R231-PalierAuthentification.json	5792	2	0	0	0	0	0	0	1	3	0	0	0	0	0	0	0	0	0	0	17	26	0	0	0	1	0	0
input/ontoserver/TRE/TRE_R232_TypeFermetureEJ_TRE-R232-TypeFermetureEJ.json	2073	2	0	0	0	0	0	0	0	3	0	0	0	0	0	0	0	0	0	0	11	25	0	0	0	0	0	0
input/ontoserver/TRE/TRE_R233_TypeFermetureEG_TRE-R233-TypeFermetureEG.json	2783	1	0	0	1	0	0	0	0	3	0	0	0	0	0	0	0	0	0	0	14	26	0	0	0	0	0	1
input/ontoserver/TRE/TRE_R234_TypeNote_TRE-R234-TypeNote.json	2190	2	0	0	0	0	0	0	0	3	0	0	1	0	0	0	0	0	0	0	16	25	0	0	0	1	0	0
input/ontoserver/TRE/TRE_R236_ModeGestion_TRE-R236-ModeGestion.json	1578	2	0	0	0	0	0	0	0	3	0	0	0	0	0	0	0	0	0	0	11	25	0	0	0	0	0	0
input/ontoserver/TRE/TRE_R237_GroupeTarifaireDependance_TRE-R237-GroupeTarifaireDependance.json	1857	2	0	0	0	0	0	0	0	3	0	0	0	0	0	0	0	0	0	0	11	25	0	0	0	0	0	0
input/ontoserver/TRE/TRE_R238_OuvertureAnnuelle_TRE-R238-OuvertureAnnuelle.json	3124	2	0	0	0	0	0	0	0	2	0	0	0	0	0	0	0	0	0	0	13	26	0	0	0	2	0	0
input/ontoserver/TRE/TRE_R239_PublicPrisEnCharge_TRE-R239-PublicPrisEnCharge.json	5513	2	0	0	0	0	0	0	1	4	0	0	1	0	0	0	0	0	0	0	18	27	0	0	0	1	0	0
input/ontoserver/TRE/TRE_R23_ModeExercice_TRE-R23-ModeExercice.json	1998	2	0	0	0	0	0	0	0	3	0	0	0	0	0	0	0	1	0	0	11	24	0	0	0	0	0	0
input/ontoserver/TRE/TRE_R240_TemporaliteAccueil_TRE-R240-TemporaliteAccueil.json	1616	2	0	0	1	0	0	0	0	2	0	0	0	0	0	0	0	0	0	0	11	24	0	0	0	0	0	0
input/ontoserver/TRE/TRE_R241_AideFinanciere_TRE-R241-AideFinanciere.json	2276	1	0	0	0	0	0	0	0	4	0	0	0	0	0	0	0	0	0	0	21	24	0	0	0	1	0	0
input/ontoserver/TRE/TRE_R242_TypeHabitation_TRE-R242-TypeHabitation.json	2518	2	0	0	0	0	0	0	0	3	0	0	0	0	0	0	0	0	0	0	13	25	0	0	0	0	0	0
input/ontoserver/TRE/TRE_R243_CompetenceSpecifique_TRE-R243-CompetenceSpecifique.json	20062	3	0	0	0	0	0	0	1	6	0	0	1	0	0	0	0	0	0	0	49	33	0	0	0	2	0	0
input/ontoserver/TRE/TRE_R244_CategorieOrganisation_TRE-R244-CategorieOrganisation.json	109234	8	0	0	0	0	0	0	4	30	0	0	0	0	0	0	0	0	0	0	222	84	0	0	0	9	0	1
input/ontoserver/TRE/TRE_R245_SpecialisationDePriseEnCharge_TRE-R245-SpecialisationDePriseEnCharge.json	18689	3	0	0	0	0	0	0	1	8	0	0	0	0	0	0	0	0	0	0	50	34	0	0	0	2	0	0
input/ontoserver/TRE/TRE_R246_TypeTarif_TRE-R246-TypeTarif.json	2973	2	0	0	0	0	0	0	0	3	0	0	1	0	0	0	0	1	0	0	14	25	0	0	0	0	0	0
input/ontoserver/TRE/TRE_R248_ModeAcces_TRE-R248-ModeAcces.json	2208	1	0	0	0	0	0	0	0	3	0	0	0	0	0	0	0	0	0	0	10	24	0	0	0	0	0	0
input/ontoserver/TRE/TRE_R249_Sexe_TRE-R249-Sexe.json	2349	2	0	0	1	0	0	0	0	3	0	0	0	0	0	0	0	0	0	0	12	24	0	0	0	1	0	0
input/ontoserver/TRE/TRE_R24_TypeActiviteLiberale_TRE-R24-TypeActiviteLiberale.json	2670	2	0	0	0	0	0	0	0	3	0	0	0	0	0	0	0	0	0	0	12	28	0	0	0	0	0	0
input/ontoserver/TRE/TRE_R250_ConditionTarifaire_TRE-R250-ConditionTarifaire.json	1880	1	0	0	0	0	0	0	0	4	0	0	0	0	0	0	0	0	0	0	10	25	0	0	0	0	0	0
input/ontoserver/TRE/TRE_R251_FonctionContact_TRE-R251-FonctionContact.json	8610	3	0	0	0	0	0	0	0	4	0	0	1	0	0	0	0	0	0	0	26	27	0	0	0	1	0	0
input/ontoserver/TRE/TRE_R252_TypeHoraire_TRE-R252-TypeHoraire.json	4467	1	0	0	0	0	0	0	1	3	0	0	0	0	0	0	0	0	0	0	16	25	0	0	0	0	0	0
input/ontoserver/TRE/TRE_R253_TypeMaternite_TRE-R253-TypeMaternite.json	2573	2	0	0	0	0	0	0	0	4	0	0	0	0	0	0	0	0	0	0	11	28	0	0	0	1	0	0
input/ontoserver/TRE/TRE_R254_TypeEvenement_TRE-R254-TypeEvenement.json	7635	2	0	0	1	0	0	0	0	4	0	0	0	0	0	0	0	0	0	0	23	28	0	0	0	0	0	0
input/ontoserver/TRE/TRE_R255_FluxStandardise_TRE-R255-FluxStandardise.json	2222	2	0	0	0	0	0	0	0	3	0	0	1	0	0	0	0	0	0	0	12	25	0	0	0	1	0	0
input/ontoserver/TRE/TRE_R256_TypeMessagerie_TRE-R256-TypeMessagerie.json	3206	2	0	0	0	0	0	0	0	3	0	0	0	0	0	0	0	0	0	0	13	25	0	0	0	0	0	0
input/ontoserver/TRE/TRE_R257_TypeBAL_TRE-R257-TypeBAL.json	2637	2	0	0	0	0	0	0	0	3	0	0	0	0	0	0	0	0	0	0	12	24	0	0	0	0	0	0
input/ontoserver/TRE/TRE_R258_RelationPriseCharge_TRE-R258-RelationPriseCharge.json	3175	1	0	0	0	0	0	0	0	3	0	0	0	0	0	0	0	0	0	0	14	25	0	0	0	1	0	0
input/ontoserver/TRE/TRE_R259_HL7ParticipationFunction_TRE-R259-HL7ParticipationFunction.json	2303	2	0	0	0	0	0	0	0	3	0	0	0	0	0	0	0	0	0	0	11	25	0	0	0	0	0	0
input/ontoserver/TRE/TRE_R25_MotifFinActivite_TRE-R25-MotifFinActivite.json	3073	2	0	0	0	0	0	0	0	3	0	0	1	0	0	0	0	0	0	0	14	25	0	0	0	0	0	0
input/ontoserver/TRE/TRE_R260_HL7RoleClass_TRE-R260-HL7RoleClass.json	3499	2	0	0	0	0	0	0	0	3	0	0	0	0	0	0	0	0	0	0	14	25	0	0	0	1	0	1
input/ontoserver/TRE/TRE_R261_AutreSalarieStructureSante_TRE-R261-AutreSalarieStructureSante.json	2191	2	0	0	1	0	0	0	1	3	0	0	0	0	0	0	0	0	0	0	12	24	0	0	0	0	0	0
input/ontoserver/TRE/TRE_R262_CategorieSocioProfessionnelle_TRE-R262-CategorieSocioProfessionnelle.json	3330	2	0	0	0	0	0	0	0	3	0	0	0	0	0	0	0	0	0	0	14	26	0	0	0	0	0	0
input/ontoserver/TRE/TRE_R263_TypeNumeroIdentification_TRE-R263-TypeNumeroIdentification.json	3179	2	0	0	0	0	0	0	0	3	0	0	1	0	0	0	0	0	0	0	14	25	0	0	0	1	0	0
input/ontoserver/TRE/TRE_R264_PrestationNonObligatoireIncluse_TRE-R264-PrestationNonObligatoireIncluse.json	4120	1	0	0	0	0	0	0	0	4	0	0	0	0	0	0	0	0	0	0	16	28	0	0	0	0	0	0
input/ontoserver/TRE/TRE_R266_FamilleActiviteOperationnelleHorsSerafin_TRE-R266-FamilleActiviteOperationnelleHorsSerafin.json	2383	2	0	0	0	0	0	0	0	2	0	0	0	0	0	0	0	0	0	0	13	25	0	0	0	0	0	0
input/ontoserver/TRE/TRE_R267_SexeProvenanceISO_TRE-R267-SexeProvenanceISO.json	2586	2	0	0	0	0	0	0	0	3	0	0	0	0	0	0	0	0	0	0	11	26	0	0	0	1	0	0
input/ontoserver/TRE/TRE_R268_PaysProvenanceISO_TRE-R268-PaysProvenanceISO.json	113270	10	0	0	0	0	0	0	4	20	0	0	1	0	0	0	0	1	0	0	207	82	0	0	0	8	0	1
input/ontoserver/TRE/TRE_R269_AvailabilityStatusProvenanceOasis_TRE-R269-AvailabilityStatusProvenanceOasis.json	2103	2	0	0	0	0	0	0	0	4	0	0	0	0	0	0	0	0	0	0	12	24	0	0	0	0	0	0
input/ontoserver/TRE/TRE_R270_AvailabilityStatus_TRE-R270-AvailabilityStatus.json	2012	2	0	0	1	0	0	0	1	3	0	0	0	0	0	0	0	0	0	0	11	23	0	0	0	0	0	0
input/ontoserver/TRE/TRE_R271_TypeRequete_TRE-R271-TypeRequete.json	2530	1	0	0	0	0	0	0	0	3	0	0	0	0	0	0	0	0	0	0	12	25	0	0	0	1	0	0
input/ontoserver/TRE/TRE_R272_EquipementMaterielLourd_TRE-R272-EquipementMaterielLourd.json	3840	2	0	0	0	0	0	0	0	5	0	0	0	0	0	0	0	0	0	0	14	26	0	0	0	0	0	0
input/ontoserver/TRE/TRE_R274_ActiviteSanitaireRegulee_TRE-R274-ActiviteSanitaireRegulee.json	19084	3	0	0	0	0	0	0	0	9	0	0	1	0	0	0	0	0	0	0	49	32	0	0	0	2	0	0
input/ontoserver/TRE/TRE_R275_ModaliteActivite_TRE-R275-ModaliteActivite.json	46385	5	0	0	0	0	0	0	2	17	0	0	0	0	0	0	0	0	0	0	115	49	0	0	0	4	0	0
input/ontoserver/TRE/TRE_R276_FormeActivite_TRE-R276-FormeActivite.json	10410	2	0	0	0	0	0	0	0	4	0	0	0	0	0	0	0	0	0	0	30	29	0	0	0	1	0	0
input/ontoserver/TRE/TRE_R277_CategorieActiviteSanitaireRegulee_TRE-R277-CategorieActiviteSanitaireRegulee.json	2272	2	0	0	1	0	0	0	0	3	0	0	1	0	0	0	0	0	0	0	12	25	0	0	0	0	0	0
input/ontoserver/TRE/TRE_R278_FinessConvention_TRE-R278-FinessConvention.json	14159	2	0	0	0	0	1	0	1	5	0	0	0	0	0	0	0	0	0	0	36	30	0	0	0	1	0	1
input/ontoserver/TRE/TRE_R279_Clientele_TRE-R279-Clientele.json	48142	5	0	0	0	0	0	0	2	9	0	0	0	0	0	0	0	1	0	0	101	46	0	0	0	4	0	0
input/ontoserver/TRE/TRE_R280_DisciplineEquipementSocial_TRE-R280-DisciplineEquipementSocial.json	54465	4	0	0	0	0	0	0	2	11	0	0	0	0	0	0	0	0	0	0	114	47	0	0	0	4	0	1
input/ontoserver/TRE/TRE_R281_DisciplineEnseignement_TRE-R281-DisciplineEnseignement.json	21896	3	0	0	0	0	0	0	0	6	0	0	1	0	0	0	0	0	0	0	51	33	0	0	0	1	0	0
input/ontoserver/TRE/TRE_R282_CNAMAmeliSecteurConventionnement_TRE-R282-CNAMAmeliSecteurConventionnement.json	2372	2	0	0	0	0	0	0	1	3	0	0	0	0	0	0	0	0	0	0	12	23	0	0	0	1	0	0
input/ontoserver/TRE/TRE_R283_NiveauConfidentialite_TRE-R283-NiveauConfidentialite.json	1866	2	0	0	0	0	0	0	0	2	0	0	0	0	0	0	0	0	0	0	11	24	0	0	0	0	0	0
input/ontoserver/TRE/TRE_R284_NiveauRecoursORSAN_TRE-R284-NiveauRecoursORSAN.json	2206	1	0	0	1	0	0	0	0	5	0	0	0	0	0	0	0	0	0	0	11	24	0	0	0	0	0	0
input/ontoserver/TRE/TRE_R285_TraitementDocument_TRE-R285-TraitementDocument.json	1626	2	0	0	0	0	0	0	0	4	0	0	0	0	0	0	0	0	0	0	10	25	0	0	0	1	0	0
input/ontoserver/TRE/TRE_R286_TypeFermeture_TRE-R286-TypeFermeture.json	2603	2	0	0	0	0	0	0	0	4	0	0	1	0	0	0	0	0	0	0	13	25	0	0	0	0	0	0
input/ontoserver/TRE/TRE_R287_NatureContact_TRE-R287-NatureContact.json	5028	1	0	0	0	0	0	0	0	6	0	0	0	0	0	0	0	0	0	0	18	26	0	0	0	0	0	0
input/ontoserver/TRE/TRE_R288_TypeProfession_TRE-R288-TypeProfession.json	3318	2	0	0	0	0	0	0	0	4	0	0	0	0	0	0	0	0	0	0	13	24	0	0	0	1	0	0
input/ontoserver/TRE/TRE_R289_TypeFonction_TRE-R289-TypeFonction.json	3199	2	0	0	0	0	0	0	0	5	0	0	0	0	0	0	0	0	0	0	15	24	0	0	0	0	0	0
input/ontoserver/TRE/TRE_R290_RoleAdmTechSanitaireSocial_TRE-R290-RoleAdmTechSanitaireSocial.json	1708	2	0	0	0	0	0	0	0	3	0	0	0	0	0	0	0	0	0	0	10	25	0	0	0	0	0	0
input/ontoserver/TRE/TRE_R291_AutreProfession_TRE-R291-AutreProfession.json	2176	1	0	0	1	0	0	0	0	3	0	0	0	0	0	0	0	0	0	0	11	24	0	0	0	1	0	0
input/ontoserver/TRE/TRE_R292_INSEECategorieSocioProfessionnelleAgrNiv1_TRE-R292-INSEECategorieSocioProfessionnelleAgrNiv1.json	4196	2	0	0	0	0	0	0	0	3	0	0	1	0	0	0	0	0	0	0	16	26	0	0	0	0	0	0
input/ontoserver/TRE/TRE_R293_AgregatClienteleNiv2_TRE-R293-AgregatClienteleNiv2.json	3602	2	0	0	0	0	0	0	1	3	0	0	0	0	0	0	0	0	0	0	15	26	0	0	0	0	0	0
input/ontoserver/TRE/TRE_R294_AgregatClienteleNiv3_TRE-R294-AgregatClienteleNiv3.json	7329	2	0	0	0	0	0	0	0	3	0	0	0	0	0	0	0	0	0	0	23	27	0	0	0	1	0	0
input/ontoserver/TRE/TRE_R295_AgregatDisciplineEnseignNiv1_TRE-R295-AgregatDisciplineEnseignNiv1.json	1520	2	0	0	0	0	0	0	0	3	0	0	0	0	0	0	0	0	0	0	10	24	0	0	0	0	0	0
input/ontoserver/TRE/TRE_R296_AgregatDisciplineEnseignNiv2_TRE-R296-AgregatDisciplineEnseignNiv2.json	1694	2	0	0	0	0	0	0	0	3	0	0	0	0	0	0	0	0	0	0	10	23	0	0	0	0	0	0
input/ontoserver/TRE/TRE_R297_AgregatDisciplineEnseignNiv3_TRE-R297-AgregatDisciplineEnseignNiv3.json	2655	2	0	0	0	0	0	0	0	3	0	0	1	0	0	0	0	0	0	0	13	24	0	0	0	1	0	0
input/ontoserver/TRE/TRE_R298_AgregatDisciplineEquipSocNiv1_TRE-R298-AgregatDisciplineEquipSocNiv1.json	1708	2	0	0	1	0	0	0	0	2	0	0	0	0	0	0	0	0	0	0	10	23	0	0	0	0	0	0
input/ontoserver/TRE/TRE_R299_AgregatDisciplineEquipSocNiv2_TRE-R299-AgregatDisciplineEquipSocNiv2.json	3091	1	0	0	0	0	0	0	0	3	0	0	0	0	0	0	0	0	0	0	14	25	0	0	0	0	0	0
input/ontoserver/TRE/TRE_R300_AgregatDisciplineEquipSocNiv3_TRE-R300-AgregatDisciplineEquipSocNiv3.json	9798	3	0	0	0	0	0	0	1	4	0	0	0	0	0	0	0	0	0	0	28	28	0	0	0	1	0	1
input/ontoserver/TRE/TRE_R301_SourceInformationInstallation_TRE-R301-SourceInformationInstallation.json	3378	2	0	0	0	0	0	0	0	3	0	0	0	0	0	0	0	1	0	0	15	27	0	0	0	0	0	0
input/ontoserver/TRE/TRE_R302_ContexteCodeComplementaire_TRE-R302-ContexteCodeComplementaire.json	2603	2	0	0	0	0	0	0	0	3	0	0	1	0	0	0	0	0	0	0	13	25	0	0	0	1	0	0
input/ontoserver/TRE/TRE_R303_HL7v3AdministrativeGender_TRE-R303-HL7v3AdministrativeGender.json	2274	1	0	0	0	0	0	0	0	3	0	0	0	0	0	0	0	0	0	0	12	26	0	0	0	0	0	0
input/ontoserver/TRE/TRE_R304_HL7v3ActCode_TRE-R304-HL7v3ActCode.json	2677	2	0	0	0	0	0	0	0	3	0	0	0	0	0	0	0	0	0	0	13	25	0	0	0	0	0	0
input/ontoserver/TRE/TRE_R305_TypeRencontre_TRE-R305-TypeRencontre.json	1681	2	0	0	1	0	0	0	0	2	0	0	0	0	0	0	0	0	0	0	10	24	0	0	0	1	0	0
input/ontoserver/TRE/TRE_R30_RegionOM_TRE-R30-RegionOM.json	13955	2	0	0	0	0	0	0	1	5	0	0	0	0	0	0	0	0	0	0	36	31	0	0	0	1	0	0
input/ontoserver/TRE/TRE_R314_TypeCreneau_TRE-R314-TypeCreneau.json	5199	2	0	0	0	0	0	0	0	3	0	0	1	0	0	0	0	0	0	0	17	25	0	0	0	0	0	0
input/ontoserver/TRE/TRE_R316_AutreCategorieEtablissement_TRE-R316-AutreCategorieEtablissement.json	2152	2	0	0	0	0	0	0	0	3	0	0	0	0	0	0	0	0	0	0	12	24	0	0	0	0	0	0
input/ontoserver/TRE/TRE_R317_SituationVieQuotidienne_TRE-R317-SituationVieQuotidienne.json	2314	1	0	0	0	0	0	0	0	2	0	0	0	0	0	0	0	0	0	0	12	24	0	0	0	1	0	0
input/ontoserver/TRE/TRE_R318_BesoinAideMobilite_TRE-R318-BesoinAideMobilite.json	3418	2	0	0	0	0	0	0	0	4	0	0	0	0	0	0	0	0	0	0	14	24	0	0	0	0	0	0
input/ontoserver/TRE/TRE_R319_BesoinAideVieSociale_TRE-R319-BesoinAideVieSociale.json	3370	2	0	0	1	0	0	0	0	3	0	0	0	0	0	0	0	0	0	0	14	28	0	0	0	0	0	0
input/ontoserver/TRE/TRE_R31_StatutEtatCivil_TRE-R31-StatutEtatCivil.json	4488	2	0	0	0	0	0	0	0	4	0	0	0	0	0	0	0	0	0	0	17	25	0	0	0	1	0	0
input/ontoserver/TRE/TRE_R320_BesoinCommunication_TRE-R320-BesoinCommunication.json	2337	1	0	0	0	0	0	0	0	2	0	0	1	0	0	0	0	0	0	0	13	24	0	0	0	0	0	0
input/ontoserver/TRE/TRE_R321_BesoinEntretienPersonnel_TRE-R321-BesoinEntretienPersonnel.json	2449	2	0	0	0	0	0	0	0	3	0	0	0	0	0	0	0	0	0	0	12	25	0	0	0	0	0	0
input/ontoserver/TRE/TRE_R322_BesoinMobilite_TRE-R322-BesoinMobilite.json	2795	2	0	0	0	0	0	0	0	3	0	0	0	0	0	0	0	0	0	0	13	25	0	0	0	1	0	0
input/ontoserver/TRE/TRE_R323_BesoinScolarite_TRE-R323-BesoinScolarite.json	3331	1	0	0	0	0	0	0	0	3	0	0	0	0	0	0	0	0	0	0	14	26	0	0	0	0	0	0
input/ontoserver/TRE/TRE_R324_BesoinSoutienProjetProfessionnel_TRE-R324-BesoinSoutienProjetProfessionnel.json	3435	2	0	0	0	0	0	0	1	3	0	0	0	0	0	0	0	0	0	0	15	24	0	0	0	0	0	0
input/ontoserver/TRE/TRE_R325_SituationProfessionnelle_TRE-R325-SituationProfessionnelle.json	1785	2	0	0	1	0	0	0	0	3	0	0	1	0	0	0	0	0	0	0	10	24	0	0	0	0	0	0
input/ontoserver/TRE/TRE_R326_SituationSansEmploi_TRE-R326-SituationSansEmploi.json	2045	1	0	0	0	0	0	0	0	3	0	0	0	0	0	0	0	0	0	0	12	24	0	0	0	1	0	0
input/ontoserver/TRE/TRE_R327_TypeDecision_TRE-R327-TypeDecision.json	3485	2	0	0	0	0	0	0	0	3	0	0	0	0	0	0	0	0	0	0	14	24	0	0	0	0	0	0
input/ontoserver/TRE/TRE_R328_TypeScolarisation_TRE-R328-TypeScolarisation.json	2051	2	0	0	0	0	0	0	0	3	0	0	0	0	0	0	0	0	0	0	11	23	0	0	0	0	0	0
input/ontoserver/TRE/TRE_R329_NatureCapacite_TRE-R329-NatureCapacite.json	2438	1	0	0	0	0	0	0	0	2	0	0	0	0	0	0	0	0	0	0	13	25	0	0	0	1	0	0
input/ontoserver/TRE/TRE_R32_StatutHospitalier_TRE-R32-StatutHospitalier.json	11161	2	0	0	0	0	0	0	0	4	0	0	1	0	0	0	0	0	0	0	27	29	0	0	0	0	0	0
input/ontoserver/TRE/TRE_R330_TypeStatutCapacite_TRE-R330-TypeStatutCapacite.json	5379	2	0	0	1	0	0	0	0	4	0	0	0	0	0	0	0	0	0	0	26	27	0	0	0	1	0	0
input/ontoserver/TRE/TRE_R331_TemporaliteCapacite_TRE-R331-TemporaliteCapacite.json	2530	2	0	0	0	0	0	0	1	3	0	0	0	0	1	0	0	0	0	0	13	25	0	0	0	0	0	0
input/ontoserver/TRE/TRE_R332_GenreCapacite_TRE-R332-GenreCapacite.json	2072	2	0	0	0	0	0	0	0	2	0	0	0	0	0	0	0	0	0	0	12	26	0	0	0	0	0	0
input/ontoserver/TRE/TRE_R333_TypeFermetureCapacite_TRE-R333-TypeFermetureCapacite.json	2031	1	0	0	0	0	0	0	0	3	0	0	0	0	0	0	0	0	0	0	11	24	0	0	0	1	0	0
input/ontoserver/TRE/TRE_R334_TypeLitSupplementaire_TRE-R334-TypeLitSupplementaire.json	2376	2	0	0	0	0	0	0	0	3	0	0	0	0	0	0	0	0	0	0	11	26	0	0	0	0	0	0
input/ontoserver/TRE/TRE_R335_TypeSourceCapacite_TRE-R335-TypeSourceCapacite.json	2395	1	0	0	0	0	0	0	0	2	1	0	1	0	0	0	0	0	0	0	12	25	0	0	0	0	0	0
input/ontoserver/TRE/TRE_R336_TypeCrise_TRE-R336-TypeCrise.json	1851	2	0	0	0	0	0	0	0	3	0	0	0	0	0	0	0	0	0	0	11	24	0	0	0	0	0	0
input/ontoserver/TRE/TRE_R337_AffectationTemporaire_TRE-R337-AffectationTemporaire.json	2053	2	0	0	0	0	0	0	0	3	0	0	0	0	0	0	0	0	0	0	11	25	0	0	0	1	0	0
input/ontoserver/TRE/TRE_R338_ModaliteAccueil_TRE-R338-ModaliteAccueil.json	6213	2	0	0	1	0	0	0	0	3	0	0	0	0	0	0	0	0	0	0	20	27	0	0	0	0	0	0
input/ontoserver/TRE/TRE_R33_StatutInscription_TRE-R33-StatutInscription.json	2137	1	0	0	0	0	0	0	0	3	0	0	0	0	0	0	0	0	0	0	12	24	0	0	0	1	0	0
input/ontoserver/TRE/TRE_R340_TypeCaracteristiqueEquipement_TRE-R340-TypeCaracteristiqueEquipement.json	2127	2	0	0	0	0	0	0	0	78	0	0	1	0	0	0	0	0	0	0	11	24	0	0	0	0	0	0
input/ontoserver/TRE/TRE_R341_StatutCommunication_TRE-R341-StatutCommunication.json	1554	2	0	0	0	0	0	0	0	4	0	0	0	0	0	0	0	0	0	0	10	23	0	0	0	0	0	0
input/ontoserver/TRE/TRE_R342_XdsTypesIdentifiantsReferenceId_TRE-R342-XdsTypesIdentifiantsReferenceId.json	4678	1	0	0	0	0	0	0	0	3	0	0	0	0	0	0	0	0	0	0	16	25	0	0	0	1	0	1
input/ontoserver/TRE/TRE_R343_FonctionLieu_TRE-R343-FonctionLieu.json	1413	2	0	0	0	0	0	0	1	3	0	0	0	0	0	0	0	0	0	0	10	23	0	0	0	0	0	0
input/ontoserver/TRE/TRE_R344_NiveauExpertise_TRE-R344-NiveauExpertise.json	16302	2	0	0	0	0	0	0	0	4	0	0	0	0	0	0	0	0	0	0	36	30	0	0	0	1	0	0
input/ontoserver/TRE/TRE_R345_TypeIdentifiantAutre_TRE-R345-TypeIdentifiantAutre.json	2128	2	0	0	1	0	0	0	0	3	0	0	1	0	0	0	0	0	0	0	12	25	0	0	0	0	0	0
input/ontoserver/TRE/TRE_R348_FormationSpecialiseeTransversale_TRE-R348-FormationSpecialiseeTransversale.json	10369	2	0	0	0	0	0	0	0	4	0	0	0	0	0	0	0	0	0	0	28	29	0	0	0	1	0	0
input/ontoserver/TRE/TRE_R349_ActionAnomalie_TRE-R349-ActionAnomalie.json	1826	2	0	0	0	0	0	0	1	3	0	0	0	0	0	0	0	0	0	0	10	24	0	0	0	0	0	0
input/ontoserver/TRE/TRE_R34_StatutProfessionnelSSA_TRE-R34-StatutProfessionnelSSA.json	2092	2	0	0	0	0	0	0	0	3	0	0	0	0	0	0	0	0	0	0	12	24	0	0	0	1	0	0
input/ontoserver/TRE/TRE_R350_ThematiqueAnomalie_TRE-R350-ThematiqueAnomalie.json	2426	1	0	0	0	0	0	0	0	2	0	0	0	0	0	0	0	0	0	0	12	25	0	0	0	0	0	0
input/ontoserver/TRE/TRE_R352_StatutMetierAnomalie_TRE-R352-StatutMetierAnomalie.json	3492	2	0	0	0	0	0	0	0	3	0	0	1	0	0	0	0	0	0	0	15	28	0	0	0	0	0	0
input/ontoserver/TRE/TRE_R354_TypeIdentifiantRessourceOperationnelle_TRE-R354-TypeIdentifiantRessourceOperationnelle.json	2490	2	0	0	1	0	0	0	0	5	0	0	0	0	0	0	0	0	0	0	13	28	0	0	0	1	0	0
input/ontoserver/TRE/TRE_R355_TypeIdentifiantOffre_TRE-R355-TypeIdentifiantOffre.json	2130	1	0	0	0	0	0	0	0	3	0	0	0	0	0	0	0	0	0	0	12	25	0	0	0	0	0	0
input/ontoserver/TRE/TRE_R356_ProfessionRessource_TRE-R356-ProfessionRessource.json	22998	4	0	0	0	0	0	0	1	7	0	0	0	0	0	0	0	1	0	0	58	41	0	0	0	2	0	0
input/ontoserver/TRE/TRE_R357_StatutPersonnePriseCharge_TRE-R357-StatutPersonnePriseCharge.json	8823	2	0	0	0	0	0	0	0	4	0	0	1	0	0	0	0	0	0	0	26	30	0	0	0	1	0	0
input/ontoserver/TRE/TRE_R358_MotifStatutPersonnePriseCharge_TRE-R358-MotifStatutPersonnePriseCharge.json	19123	3	0	0	0	0	0	0	1	5	0	0	0	0	0	0	0	0	0	0	46	33	0	0	0	1	0	0
input/ontoserver/TRE/TRE_R359_SurspecialiteTransversale_TRE-R359-SurspecialiteTransversale.json	9731	2	0	0	0	0	0	0	0	4	0	0	0	0	0	0	0	0	0	0	28	28	0	0	0	1	0	0
input/ontoserver/TRE/TRE_R35_TypeVoie_TRE-R35-TypeVoie.json	48916	6	0	0	1	0	0	0	2	12	0	0	0	0	0	0	0	0	0	0	114	53	0	0	0	4	0	1
input/ontoserver/TRE/TRE_R368_StatutRessource_TRE-R368-StatutRessource.json	2565	1	0	0	0	0	0	0	0	4	0	0	0	0	0	0	0	0	0	0	12	25	0	0	0	0	0	0
input/ontoserver/TRE/TRE_R369_ProfilUtilisateurReferentielNational_TRE-R369-ProfilUtilisateurReferentielNational.json	4902	2	0	0	0	0	0	0	1	3	0	0	1	0	0	0	0	0	0	0	19	25	0	0	0	0	0	0
input/ontoserver/TRE/TRE_R36_AutreDiplomeObtenu_TRE-R36-AutreDiplomeObtenu.json	35837	4	0	0	0	0	0	0	1	8	0	0	0	0	0	0	0	0	0	0	77	40	0	0	0	3	0	0
input/ontoserver/TRE/TRE_R37_TypeProfessionFonction_TRE-R37-TypeProfessionFonction.json	5306	2	0	0	0	0	0	0	0	3	0	0	0	0	0	0	0	1	0	0	18	26	0	0	0	0	0	0
input/ontoserver/TRE/TRE_R38_SpecialiteOrdinale_TRE-R38-SpecialiteOrdinale.json	48546	5	0	0	0	0	0	0	1	9	0	0	0	0	0	0	0	0	0	0	100	44	0	0	0	4	0	1
input/ontoserver/TRE/TRE_R39_Competence_TRE-R39-Competence.json	16657	2	0	0	1	0	0	0	1	5	0	0	1	0	0	0	0	0	0	0	40	31	0	0	0	1	0	0
input/ontoserver/TRE/TRE_R40_CompetenceExclusive_TRE-R40-CompetenceExclusive.json	2709	2	0	0	0	0	0	0	0	3	0	0	0	0	0	0	0	0	0	0	12	28	0	0	0	0	0	0
input/ontoserver/TRE/TRE_R42_DESCnonQualifiant_TRE-R42-DESCnonQualifiant.json	16795	3	0	0	0	0	0	0	1	7	0	0	0	0	0	0	0	0	0	0	58	30	0	0	0	2	0	0
input/ontoserver/TRE/TRE_R43_CapaciteSavoirFaire_TRE-R43-CapaciteSavoirFaire.json	7278	2	0	0	0	0	0	0	0	6	0	0	0	0	0	0	0	0	0	0	23	26	0	0	0	0	0	0
input/ontoserver/TRE/TRE_R44_QualificationPAC_TRE-R44-QualificationPAC.json	1621	1	0	0	0	0	0	0	0	2	0	0	0	0	0	0	0	0	0	0	11	25	0	0	0	0	0	0
input/ontoserver/TRE/TRE_R45_FonctionQualifiee_TRE-R45-FonctionQualifiee.json	3274	2	0	0	0	0	0	0	0	5	0	0	1	0	0	0	0	0	0	0	15	27	0	0	0	1	0	0
input/ontoserver/TRE/TRE_R46_SpecialiteConcoursHospitalier_TRE-R46-SpecialiteConcoursHospitalier.json	27550	4	0	0	0	0	0	0	1	8	0	0	0	0	0	0	0	0	0	0	62	36	0	0	0	2	0	0
input/ontoserver/TRE/TRE_R48_DiplomeEtatFrancais_TRE-R48-DiplomeEtatFrancais.json	13548	2	0	0	1	0	0	0	1	4	0	0	0	0	0	0	0	0	0	0	37	30	0	0	0	1	0	0
input/ontoserver/TRE/TRE_R49_DiplomeEtudeSpecialisee_TRE-R49-DiplomeEtudeSpecialisee.json	49273	4	0	0	0	0	0	0	1	10	0	0	0	0	0	0	0	1	0	0	103	45	0	0	0	3	0	1
input/ontoserver/TRE/TRE_R50_DESCGroupe1Diplome_TRE-R50-DESCGroupe1Diplome.json	14009	2	0	0	0	0	0	0	1	5	0	0	1	0	0	0	0	0	0	0	37	30	0	0	0	2	0	0
input/ontoserver/TRE/TRE_R51_DESCGroupe2Diplome_TRE-R51-DESCGroupe2Diplome.json	5449	2	0	0	0	0	0	0	0	3	0	0	0	0	0	0	0	0	0	0	18	25	0	0	0	0	0	0
input/ontoserver/TRE/TRE_R52_CapaciteDiplome_TRE-R52-CapaciteDiplome.json	5361	2	0	0	0	0	0	0	0	4	0	0	0	0	0	0	0	0	0	0	19	32	0	0	0	1	0	0
input/ontoserver/TRE/TRE_R53_DiplomePaysEEE_TRE-R53-DiplomePaysEEE.json	4457	2	0	0	0	0	0	0	0	3	0	0	0	0	0	0	0	0	0	0	16	25	0	0	0	0	0	0
input/ontoserver/TRE/TRE_R54_DiplomeUniversiteInterUniversitaire_TRE-R54-DiplomeUniversiteInterUniversitaire.json	71486	5	0	0	0	0	0	0	3	16	0	0	0	0	0	0	0	0	0	0	154	60	0	0	0	6	0	1
input/ontoserver/TRE/TRE_R55_CertificatEtudeSpeciale_TRE-R55-CertificatEtudeSpeciale.json	15677	3	0	0	1	0	0	0	0	5	0	0	1	0	0	0	0	0	0	0	41	30	0	0	0	2	0	0
input/ontoserver/TRE/TRE_R56_Attestation_TRE-R56-Attestation.json	8654	2	0	0	0	0	0	0	1	3	0	0	0	0	0	0	0	0	0	0	23	27	0	0	0	0	0	0
input/ontoserver/TRE/TRE_R57_DiplomeEuropeenEtudeSpecialisee_TRE-R57-DiplomeEuropeenEtudeSpecialisee.json	24884	3	0	0	0	0	0	0	1	8	0	0	0	0	0	0	0	0	0	0	61	35	0	0	0	2	0	0
input/ontoserver/TRE/TRE_R58_AutreTypeDiplome_TRE-R58-AutreTypeDiplome.json	48440	4	0	0	0	0	0	0	1	11	0	0	0	0	0	0	0	1	0	0	100	42	0	0	0	4	0	0
input/ontoserver/TRE/TRE_R60_AutoriteEnregistrement_TRE-R60-AutoriteEnregistrement.json	17482	2	0	0	0	0	0	0	1	5	0	0	1	0	0	0	0	0	0	0	42	31	0	0	0	1	0	0
input/ontoserver/TRE/TRE_R62_Domaine_TRE-R62-Domaine.json	2337	2	0	0	1	0	0	0	0	3	0	0	0	0	0	0	0	0	0	0	12	23	0	0	0	0	0	0
input/ontoserver/TRE/TRE_R63_AgregatCategorieEtablissementNiv1_TRE-R63-AgregatCategorieEtablissementNiv1.json	4806	2	0	0	0	0	0	0	0	3	0	0	0	0	0	0	0	0	0	0	16	25	0	0	0	1	0	1
input/ontoserver/TRE/TRE_R64_AgregatCategorieEtablissementNiv2_TRE-R64-AgregatCategorieEtablissementNiv2.json	9661	2	0	0	0	0	0	0	0	4	0	0	0	0	0	0	0	0	0	0	27	27	0	0	0	0	0	0
input/ontoserver/TRE/TRE_R65_AgregatCategorieEtablissement_TRE-R65-AgregatCategorieEtablissement.json	42260	4	0	0	0	0	0	0	2	9	0	0	0	0	0	0	0	0	0	0	89	45	0	0	0	4	0	0
input/ontoserver/TRE/TRE_R66_CategorieEtablissement_TRE-R66-CategorieEtablissement.json	167817	12	0	0	0	0	0	0	6	35	0	0	1	0	0	0	0	1	0	0	333	115	0	0	0	14	0	1
input/ontoserver/TRE/TRE_R67_TypeStructure_EJ_EG_TRE-R67-TypeStructure-EJ-EG.json	1644	2	0	0	0	0	0	0	0	2	0	0	0	0	0	0	0	0	0	0	11	24	0	0	0	1	0	0
input/ontoserver/TRE/TRE_R68_FinessAgregatStatutJuridiqueNiv1_TRE-R68-FinessAgregatStatutJuridiqueNiv1.json	2398	2	0	0	0	0	0	0	0	3	0	0	0	0	0	0	0	0	0	0	15	24	0	0	0	0	0	0
input/ontoserver/TRE/TRE_R69_FinessAgregatStatutJuridiqueNiv2_TRE-R69-FinessAgregatStatutJuridiqueNiv2.json	3166	1	0	0	1	0	0	0	0	3	0	0	0	0	0	0	0	0	0	0	14	25	0	0	0	1	0	0
input/ontoserver/TRE/TRE_R70_FinessAgregatStatutJuridique_TRE-R70-FinessAgregatStatutJuridique.json	9121	3	0	0	0	0	0	0	1	4	0	0	1	0	0	0	0	0	0	0	25	28	0	0	0	0	0	1
input/ontoserver/TRE/TRE_R72_FinessStatutJuridique_TRE-R72-FinessStatutJuridique.json	33923	3	0	0	0	0	0	0	1	7	0	0	0	0	0	0	0	1	0	0	71	41	0	0	0	3	0	0
input/ontoserver/TRE/TRE_R73_ESPIC_TRE-R73-ESPIC.json	3791	2	0	0	0	0	0	0	0	3	0	0	0	0	0	0	0	0	0	0	15	26	0	0	0	0	0	0
input/ontoserver/TRE/TRE_R74_ModeFixationTarifaire_TRE-R74-ModeFixationTarifaire.json	23245	3	0	0	0	0	0	0	1	6	0	0	0	0	0	0	0	0	0	0	51	37	0	0	0	2	0	0
input/ontoserver/TRE/TRE_R75_InseeNAFrev2Niveau5_TRE-R75-InseeNAFrev2Niveau5.json	195507	13	0	0	1	0	0	0	6	51	0	0	1	0	0	0	0	1	0	0	446	152	0	0	0	19	0	2
input/ontoserver/TRE/TRE_R78_ProfilAccesReferentiel_TRE-R78-ProfilAccesReferentiel.json	8144	2	0	0	0	0	0	0	1	4	0	0	0	0	0	0	0	0	0	0	26	27	0	0	0	1	0	0
input/ontoserver/TRE/TRE_R81_Civilite_TRE-R81-Civilite.json	1820	2	0	0	0	0	0	0	0	3	0	0	0	0	0	0	0	0	0	0	11	24	0	0	0	0	0	0
input/ontoserver/TRE/TRE_R82_Ordre_TRE-R82-Ordre.json	2643	2	0	0	0	0	0	0	0	3	0	0	0	0	0	0	0	0	0	0	12	24	0	0	0	0	0	0
input/ontoserver/TRE/TRE_R84_ProfilAccesAnnuaire_MSSante_TRE-R84-ProfilAccesAnnuaire-MSSante.json	1499	1	0	0	0	0	0	0	0	3	0	0	1	0	0	0	0	0	0	0	10	24	0	0	0	1	0	0
input/ontoserver/TRE/TRE_R85_RolePriseCharge_TRE-R85-RolePriseCharge.json	33224	3	0	0	0	0	0	0	1	8	0	0	0	0	0	0	0	0	0	0	76	40	0	0	0	2	0	0
input/ontoserver/TRE/TRE_R86_ProfilVIHF_TRE-R86-ProfilVIHF.json	2135	2	0	0	1	0	0	0	0	4	0	0	0	0	0	0	0	0	0	0	12	24	0	0	0	0	0	0
input/ontoserver/TRE/TRE_R87_TypeCarte_TRE-R87-TypeCarte.json	2112	2	0	0	0	0	0	0	0	5	0	0	0	0	0	0	0	0	0	0	12	23	0	0	0	1	0	0
input/ontoserver/TRE/TRE_R88_TerritoireSante_TRE-R88-TerritoireSante.json	28316	3	0	0	0	0	0	0	1	13	0	0	1	0	0	0	0	0	0	0	71	42	0	0	0	2	0	0
input/ontoserver/TRE/TRE_R89_RegroupementPays_TRE-R89-RegroupementPays.json	1837	2	0	0	0	0	0	0	0	3	0	0	0	0	0	0	0	0	0	0	11	24	0	0	0	1	0	0
input/ontoserver/TRE/TRE_R90_TypeAE_TRE-R90-TypeAE.json	1756	1	0	0	0	0	0	0	0	3	0	0	0	0	0	0	0	0	0	0	11	24	0	0	0	0	0	0
input/ontoserver/TRE/TRE_R94_ProfessionSocial_TRE-R94-ProfessionSocial.json	9858	2	0	0	0	0	0	0	1	4	0	0	0	0	0	0	0	0	0	0	27	29	0	0	0	1	0	0
input/ontoserver/TRE/TRE_R95_UsagerTitre_TRE-R95-UsagerTitre.json	3614	2	0	0	1	0	0	0	0	3	0	0	1	0	0	0	0	0	0	0	15	25	0	0	0	0	0	0
input/ontoserver/TRE/TRE_R96_AutreFonctionSanitaire_TRE-R96-AutreFonctionSanitaire.json	4118	2	0	0	0	0	0	0	0	3	0	0	0	0	0	0	0	1	0	0	16	25	0	0	0	0	0	0
input/ontoserver/TRE/TRE_R97_DroitExerciceCompl_TRE-R97-DroitExerciceCompl.json	10386	2	0	0	0	0	0	0	0	4	0	0	0	0	0	0	0	0	0	0	27	27	0	0	0	1	0	1
